"7;16";;1;2;3;4;5;6;7;8;9;15;16;17;18;19;20;21;22;23;24;37;38;39;40;42;43;44;45;46;47;48;50;51;52;53;54;55;56;57;58;59;61;62;63;64;65;66;67;69;70;71;72;73;74;75;76;77;78;80;81;82;83;84;85;86;88;89;90;91;92;93;94;95;96;97;99;100;101;102;103;104;105;107;108;109;110;111;112;113;114;115;116;118;119;120;121;122;123;124;126;127;128;129;130;131;132;133;134;135;137;138;139;140;141;142;143;145;146;147;148;149;150;154;162;170;171,00;172,00;173;174;175;176;177
;;Индекс;Наименование;;;Формы контроля;;;;;Всего часов;;;;;;;;ЗЕТ;;Распределение по курсам и семестрам;;;;;;;;;;;;;;;;;;;;;;;;;;;;;;;;;;;;;;;;;;;;;;;;;;;;;;;;;;;;;;;;;;;;;;;;;;;;;;;;;;;;;;;;;;;;;;;;;;;;;;;;Часов в ЗЕТ;ЗЕТ в нед.;"Пр/Ауд(%)";Итого часов в интерактивной форме;Итого часов в электронной форме;Закрепленная кафедра;;Компетенции
;;;;;;;;;;;По ЗЕТ;По плану;в том числе;;;;;;Экспертное;Факт;Курс 1;;;;;;;;;;;;;;;;;Курс 2;;;;;;;;;;;;;;;;;Курс 3;;;;;;;;;;;;;;;;;Курс 4;;;;;;;;;;;;;;;;;Курс 5;;;;;;;;;;;;;;;;;Курс 6;;;;;;;;;;;;;;;;;;;;;;;;;;
;;;;;;Экзамены;Зачеты;Зачеты с оценкой;Курсовые проекты;Курсовые работы;;;Контакт. раб. (по учеб. зан.);из них;;;СРС;Контроль;;;Всего;;;Семестр 1 [18 нед];;;;;;;Семестр 2 [19 4/6 нед];;;;;;;Всего;;;Семестр 3 [19 4/6 нед];;;;;;;Семестр 4 [17 2/6 нед];;;;;;;Всего;;;Семестр 5 [19 нед];;;;;;;Семестр 6 [18 нед];;;;;;;Всего;;;Семестр 7 [19 4/6 нед];;;;;;;Семестр 8 [16 нед];;;;;;;Всего;;;Семестр 9 [19 нед];;;;;;;Семестр A [19 нед];;;;;;;Всего;;;Семестр B [19 нед];;;;;;;Семестр C [15 3/6 нед];;;;;;;Семестр D [ нед];Семестр E [ нед];;;;;;Код;Наименование;
;;;;;;;;;;;;;;Лек;Лаб;Пр;;;;;;;;Часов;Лек;Лаб;Пр;СРС;Контроль;ЗЕТ;Часов;Лек;Лаб;Пр;СРС;Контроль;ЗЕТ;;;;Часов;Лек;Лаб;Пр;СРС;Контроль;ЗЕТ;Часов;Лек;Лаб;Пр;СРС;Контроль;ЗЕТ;;;;Часов;Лек;Лаб;Пр;СРС;Контроль;ЗЕТ;Часов;Лек;Лаб;Пр;СРС;Контроль;ЗЕТ;;;;Часов;Лек;Лаб;Пр;СРС;Контроль;ЗЕТ;Часов;Лек;Лаб;Пр;СРС;Контроль;ЗЕТ;;;;Часов;Лек;Лаб;Пр;СРС;Контроль;ЗЕТ;Часов;Лек;Лаб;Пр;СРС;Контроль;ЗЕТ;;;;Часов;Лек;Лаб;Пр;СРС;Контроль;ЗЕТ;Часов;Лек;Лаб;Пр;СРС;Контроль;ЗЕТ;Часов;Часов;;;;;;;;
;;;;;;;;;;;;;;;;;;;;;Часов;Ауд;ЗЕТ;;;;;;;;;;;;;;;Часов;Ауд;ЗЕТ;;;;;;;;;;;;;;;Часов;Ауд;ЗЕТ;;;;;;;;;;;;;;;Часов;Ауд;ЗЕТ;;;;;;;;;;;;;;;Часов;Ауд;ЗЕТ;;;;;;;;;;;;;;;Часов;Ауд;ЗЕТ;;;;;;;;;;;;;;;;;;;;;;;;
;;;;;;;;;;;;;;;;;;;;;;;;;;;;;;;;;;;;;;;;;;;;;;;;;;;;;;;;;;;;;;;;;;;;;;;;;;;;;;;;;;;;;;;;;;;;;;;;;;;;;;;;;;;;;;;;;;;;;;;;;;;;;;;;;;;;
1;;;;;;;;;;;;;;;;;;;;;;;;;;;;;;;;;;;;;;;;;;;;;;;;;;;;;;;;;;;;;;;;;;;;;;;;;;;;;;;;;;;;;;;;;;;;;;;;;;;;;;;;;;;;;;;;;;;;;;;;;;;;;;;;;;;;
2;;;;;;;;;;;;;;;;;;;;;;;;;;;;;;;;;;;;;;;;;;;;;;;;;;;;;;;;;;;;;;;;;;;;;;;;;;;;;;;;;;;;;;;;;;;;;;;;;;;;;;;;;;;;;;;;;;;;;;;;;;;;;;;;;;;;
3;;;;;;;;;;;;;;;;;;;;;;;;;;;;;;;;;;;;;;;;;;;;;;;;;;;;;;;;;;;;;;;;;;;;;;;;;;;;;;;;;;;;;;;;;;;;;;;;;;;;;;;;;;;;;;;;;;;;;;;;;;;;;;;;;;;;
4;;;Итого;;;31;45;1;;;13396;13396;7056;1570;238;5140;4144;1116;363;363;2 232;1 230;60;1 026;114;112;328;328;36;27.5;1 206;146;;530;458;72;32.5;2 232;1 124;60;1 098;152;80;382;412;72;29.5;1 134;104;46;360;264;144;30.5;2 232;1 112;60;1 062;140;;408;406;108;28.5;1 170;112;;452;354;144;31.5;2 308;1 145;61;1 134;138;;502;422;72;30;1 174;112;;393;237;108;31;2 232;1 188;62;1 017;128;;433;348;108;28.25;1 215;156;;471;336;36;33.75;2 052;1 257;60;1 080;158;;485;293;108;30;972;110;;396;286;108;30;;;-;;74%;;;;;
5;;;;;;;;;;;;;;;;;;;;;;;;;;;;;;;;;;;;;;;;;;;;;;;;;;;;;;;;;;;;;;;;;;;;;;;;;;;;;;;;;;;;;;;;;;;;;;;;;;;;;;;;;;;;;;;;;;;;;;;;;;;;;;;;;;;;
6;;;Итого по ООП (без факультативов);;;31;43;1;;;13288;13288;6978;1558;238;5074;4114;1116;360;360;2 232;1 230;60;1 026;114;112;328;328;36;27.5;1 206;146;;530;458;72;32.5;2 232;1 124;60;1 098;152;80;382;412;72;29.5;1 134;104;46;360;264;144;30.5;2 232;1 112;60;1 062;140;;408;406;108;28.5;1 170;112;;452;354;144;31.5;2 272;1 121;60;1 098;132;;484;410;72;29;1 174;112;;393;237;108;31;2 160;1 134;60;1 017;128;;433;348;108;28.25;1 143;150;;423;318;36;31.75;2 052;1 257;60;1 080;158;;485;293;108;30;972;110;;396;286;108;30;;;-;;73.9%;;;;;
7;;;;;;;;;;;;;;;;;;;;;;;;;;;;;;;;;;;;;;;;;;;;;;;;;;;;;;;;;;;;;;;;;;;;;;;;;;;;;;;;;;;;;;;;;;;;;;;;;;;;;;;;;;;;;;;;;;;;;;;;;;;;;;;;;;;;
8;;;Б=91%  В=9%  ДВ(от В)=30%;;;;;;;;;;57%;23%;3%;74%;34%;9%;;;;;;;;;;;;;;;;;;;;;;;;;;;;;;;;;;;;;;;;;;;;;;;;;;;;;;;;;;;;;;;;;;;;;;;;;;;;;;;;;;;;;;;;;;;;;;;;;;;;;;;;;;;;;;;;;;
9;;;Итого по блоку Б1;;;31;43;1;;;12100;12100;6870;1558;238;5074;4114;1116;327;327;2 124;1 230;57;918;114;112;328;328;36;24.5;1 206;146;;530;458;72;32.5;2 016;1 124;54;1 098;152;80;382;412;72;29.5;918;104;46;360;264;144;24.5;2 124;1 112;57;1 062;140;;408;406;108;28.5;1 062;112;;452;354;144;28.5;1 948;1 121;51;1 098;132;;484;410;72;29;850;112;;393;237;108;22;1 944;1 134;54;1 017;128;;433;348;108;28.25;927;150;;423;318;36;25.75;1 944;1 149;54;1 044;158;;485;293;108;29;900;110;;396;286;108;25;;;-;;73.9%;;;;;
10;;;;;;;;;;;;;;;;;;;;;;;;;;;;;;;;;;;;;;;;;;;;;;;;;;;;;;;;;;;;;;;;;;;;;;;;;;;;;;;;;;;;;;;;;;;;;;;;;;;;;;;;;;;;;;;;;;;;;;;;;;;;;;;;;;;;
11;;;Б=91%  В=9%  ДВ(от В)=30%;;;;;;;;;;57%;23%;3%;74%;34%;9%;;;;;;;;;;;;;;;;;;;;;;;;;;;;;;;;;;;;;;;;;;;;;;;;;;;;;;;;;;;;;;;;;;;;;;;;;;;;;;;;;;;;;;;;;;;;;;;;;;;;;;;;;;;;;;;;;;
12;;Б1;Дисциплины (модули);;;31;43;1;;;12100;12100;6870;1558;238;5074;4114;1116;327;327;2 124;1 230;57;918;114;112;328;328;36;24.5;1 206;146;;530;458;72;32.5;2 016;1 124;54;1 098;152;80;382;412;72;29.5;918;104;46;360;264;144;24.5;2 124;1 112;57;1 062;140;;408;406;108;28.5;1 062;112;;452;354;144;28.5;1 948;1 121;51;1 098;132;;484;410;72;29;850;112;;393;237;108;22;1 944;1 134;54;1 017;128;;433;348;108;28.25;927;150;;423;318;36;25.75;1 944;1 149;54;1 044;158;;485;293;108;29;900;110;;396;286;108;25;;;-;;73.9%;;;;;
13;;;;;;;;;;;;;;;;;;;;;;;;;;;;;;;;;;;;;;;;;;;;;;;;;;;;;;;;;;;;;;;;;;;;;;;;;;;;;;;;;;;;;;;;;;;;;;;;;;;;;;;;;;;;;;;;;;;;;;;;;;;;;;;;;;;;
14;;Б1.Б;Базовая часть;;;31;28;1;;;10692;10692;5834;1412;238;4184;3742;1116;297;297;1 908;1 060;53;882;114;112;292;328;36;24.5;1 026;124;;418;412;72;28.5;1 692;892;47;918;128;80;278;360;72;25.5;774;92;46;268;224;144;21.5;1 980;996;55;954;130;;338;378;108;26.5;1 026;112;;416;354;144;28.5;1 836;1 009;51;1 044;132;;430;410;72;29;792;112;;335;237;108;22;1 800;1 042;50;873;110;;359;296;108;24.25;927;150;;423;318;36;25.75;1 476;835;41;864;138;;375;243;108;24;612;70;;252;182;108;17;;;-;;71.7%;;;;;
15;1;Б1.Б.1;Безопасность жизнедеятельности;;;;1;;;;108;108;64;12;;52;44;;3;3;108;64;3;108;12;;52;44;;3;;;;;;;;;;;;;;;;;;;;;;;;;;;;;;;;;;;;;;;;;;;;;;;;;;;;;;;;;;;;;;;;;;;;;;;;;;;;;;;;;;;;;;;;;;;;;;;36;;81.2%;;;12;Мобилизационной подготовки здравоохранения и медицины катастроф;"ОК-7; ОПК-11; ПК-3"
16;2;;;;;в т.ч. часов в инт. форме:;;;;;;;;;;;;;;;;;;;;;;;;;;;;;;;;;;;;;;;;;;;;;;;;;;;;;;;;;;;;;;;;;;;;;;;;;;;;;;;;;;;;;;;;;;;;;;;;;;;;;;;;;;;;;;;;;;;;;;;;;;;;;;
17;3;;;;;в т.ч. часов в электронной форме:;;;;;;;;;;;;;;;;;;;;;;;;;;;;;;;;;;;;;;;;;;;;;;;;;;;;;;;;;;;;;;;;;;;;;;;;;;;;;;;;;;;;;;;;;;;;;;;;;;;;;;;;;;;;;;;;;;;;;;;;;;;;;;
18;1;Б1.Б.2;Физика;;;;1;;;;108;108;64;18;46;;44;;3;3;108;64;3;108;18;46;;44;;3;;;;;;;;;;;;;;;;;;;;;;;;;;;;;;;;;;;;;;;;;;;;;;;;;;;;;;;;;;;;;;;;;;;;;;;;;;;;;;;;;;;;;;;;;;;;;;;36;;;;;11;Медбиофизики;"ОПК-7; ПК-4"
19;2;;;;;в т.ч. часов в инт. форме:;;;;;;;;;;;;;;;;;;;;;;;;;;;;;;;;;;;;;;;;;;;;;;;;;;;;;;;;;;;;;;;;;;;;;;;;;;;;;;;;;;;;;;;;;;;;;;;;;;;;;;;;;;;;;;;;;;;;;;;;;;;;;;
20;3;;;;;в т.ч. часов в электронной форме:;;;;;;;;;;;;;;;;;;;;;;;;;;;;;;;;;;;;;;;;;;;;;;;;;;;;;;;;;;;;;;;;;;;;;;;;;;;;;;;;;;;;;;;;;;;;;;;;;;;;;;;;;;;;;;;;;;;;;;;;;;;;;;
21;1;Б1.Б.3;Химия;;;1;;;;;180;180;86;20;66;;58;36;5;5;180;86;5;180;20;66;;58;36;5;;;;;;;;;;;;;;;;;;;;;;;;;;;;;;;;;;;;;;;;;;;;;;;;;;;;;;;;;;;;;;;;;;;;;;;;;;;;;;;;;;;;;;;;;;;;;;;36;;;;;9;Общей, биоорганической и фармацевтической химии;ОПК-7, 8
22;2;;;;;в т.ч. часов в инт. форме:;;;;;;;;;;;;;;;;;;;;;;;;;;;;;;;;;;;;;;;;;;;;;;;;;;;;;;;;;;;;;;;;;;;;;;;;;;;;;;;;;;;;;;;;;;;;;;;;;;;;;;;;;;;;;;;;;;;;;;;;;;;;;;
23;3;;;;;в т.ч. часов в электронной форме:;;;;;;;;;;;;;;;;;;;;;;;;;;;;;;;;;;;;;;;;;;;;;;;;;;;;;;;;;;;;;;;;;;;;;;;;;;;;;;;;;;;;;;;;;;;;;;;;;;;;;;;;;;;;;;;;;;;;;;;;;;;;;;
24;1;Б1.Б.4;Биология;;;2;;;;;216;216;100;24;;76;80;36;6;6;216;100;6;72;12;;38;22;;2;144;12;;38;58;36;4;;;;;;;;;;;;;;;;;;;;;;;;;;;;;;;;;;;;;;;;;;;;;;;;;;;;;;;;;;;;;;;;;;;;;;;;;;;;;;;;;;;;;;;;36;;76%;;;7;Общей биологии, фармакогнозии и ботаники;"ОПК-7; ПК-1"
25;2;;;;;в т.ч. часов в инт. форме:;;;;;;;;;;;;;;;;;;;;;;;;;;;;;;;;;;;;;;;;;;;;;;;;;;;;;;;;;;;;;;;;;;;;;;;;;;;;;;;;;;;;;;;;;;;;;;;;;;;;;;;;;;;;;;;;;;;;;;;;;;;;;;
26;3;;;;;в т.ч. часов в электронной форме:;;;;;;;;;;;;;;;;;;;;;;;;;;;;;;;;;;;;;;;;;;;;;;;;;;;;;;;;;;;;;;;;;;;;;;;;;;;;;;;;;;;;;;;;;;;;;;;;;;;;;;;;;;;;;;;;;;;;;;;;;;;;;;
27;1;Б1.Б.5;Иностранный язык, перевод медицинской литературы;;;2;;;;;216;216;96;;;96;84;36;6;6;216;96;6;72;;;32;40;;2;144;;;64;44;36;4;;;;;;;;;;;;;;;;;;;;;;;;;;;;;;;;;;;;;;;;;;;;;;;;;;;;;;;;;;;;;;;;;;;;;;;;;;;;;;;;;;;;;;;;36;;100%;;;3;Иностранных языков;"ОК-5; ОПК-2"
28;2;;;;;в т.ч. часов в инт. форме:;;;;;;;;;;;;;;;;;;;;;;;;;;;;;;;;;;;;;;;;;;;;;;;;;;;;;;;;;;;;;;;;;;;;;;;;;;;;;;;;;;;;;;;;;;;;;;;;;;;;;;;;;;;;;;;;;;;;;;;;;;;;;;
29;3;;;;;в т.ч. часов в электронной форме:;;;;;;;;;;;;;;;;;;;;;;;;;;;;;;;;;;;;;;;;;;;;;;;;;;;;;;;;;;;;;;;;;;;;;;;;;;;;;;;;;;;;;;;;;;;;;;;;;;;;;;;;;;;;;;;;;;;;;;;;;;;;;;
30;1;Б1.Б.6;Латинский язык;;;;2;;;;108;108;72;2;;70;36;;3;3;108;72;3;54;2;;36;16;;1.5;54;;;34;20;;1.5;;;;;;;;;;;;;;;;;;;;;;;;;;;;;;;;;;;;;;;;;;;;;;;;;;;;;;;;;;;;;;;;;;;;;;;;;;;;;;;;;;;;;;;;36;;97.2%;;;39;Русского и латинского языков;ОПК-1, 2, 6
31;2;;;;;в т.ч. часов в инт. форме:;;;;;;;;;;;;;;;;;;;;;;;;;;;;;;;;;;;;;;;;;;;;;;;;;;;;;;;;;;;;;;;;;;;;;;;;;;;;;;;;;;;;;;;;;;;;;;;;;;;;;;;;;;;;;;;;;;;;;;;;;;;;;;
32;3;;;;;в т.ч. часов в электронной форме:;;;;;;;;;;;;;;;;;;;;;;;;;;;;;;;;;;;;;;;;;;;;;;;;;;;;;;;;;;;;;;;;;;;;;;;;;;;;;;;;;;;;;;;;;;;;;;;;;;;;;;;;;;;;;;;;;;;;;;;;;;;;;;
33;1;Б1.Б.7;Правоведение;;;;2;;;;108;108;64;16;;48;44;;3;3;108;64;3;;;;;;;;108;16;;48;44;;3;;;;;;;;;;;;;;;;;;;;;;;;;;;;;;;;;;;;;;;;;;;;;;;;;;;;;;;;;;;;;;;;;;;;;;;;;;;;;;;;;;;;;;;;36;;75%;;;21;Организации здравоохранения, общественного здоровья и медицинского права;"ОК-4, 8; ОПК-3, 5; ПК-17"
34;2;;;;;в т.ч. часов в инт. форме:;;;;;;;;;;;;;;;;;;;;;;;;;;;;;;;;;;;;;;;;;;;;;;;;;;;;;;;;;;;;;;;;;;;;;;;;;;;;;;;;;;;;;;;;;;;;;;;;;;;;;;;;;;;;;;;;;;;;;;;;;;;;;;
35;3;;;;;в т.ч. часов в электронной форме:;;;;;;;;;;;;;;;;;;;;;;;;;;;;;;;;;;;;;;;;;;;;;;;;;;;;;;;;;;;;;;;;;;;;;;;;;;;;;;;;;;;;;;;;;;;;;;;;;;;;;;;;;;;;;;;;;;;;;;;;;;;;;;
36;1;Б1.Б.8;История медицины;;;;2;;;;72;72;44;12;;32;28;;2;2;72;44;2;;;;;;;;72;12;;32;28;;2;;;;;;;;;;;;;;;;;;;;;;;;;;;;;;;;;;;;;;;;;;;;;;;;;;;;;;;;;;;;;;;;;;;;;;;;;;;;;;;;;;;;;;;;36;;72.7%;;;21;Организации здравоохранения, общественного здоровья и медицинского права;ОК-3, 5
37;2;;;;;в т.ч. часов в инт. форме:;;;;;;;;;;;;;;;;;;;;;;;;;;;;;;;;;;;;;;;;;;;;;;;;;;;;;;;;;;;;;;;;;;;;;;;;;;;;;;;;;;;;;;;;;;;;;;;;;;;;;;;;;;;;;;;;;;;;;;;;;;;;;;
38;3;;;;;в т.ч. часов в электронной форме:;;;;;;;;;;;;;;;;;;;;;;;;;;;;;;;;;;;;;;;;;;;;;;;;;;;;;;;;;;;;;;;;;;;;;;;;;;;;;;;;;;;;;;;;;;;;;;;;;;;;;;;;;;;;;;;;;;;;;;;;;;;;;;
39;1;Б1.Б.9;Медицинская информатика;;;;2;;;;108;108;64;18;;46;44;;3;3;108;64;3;;;;;;;;108;18;;46;44;;3;;;;;;;;;;;;;;;;;;;;;;;;;;;;;;;;;;;;;;;;;;;;;;;;;;;;;;;;;;;;;;;;;;;;;;;;;;;;;;;;;;;;;;;;36;;71.9%;;;11;Медбиофизики;"ОПК-1, 7; ПК-4"
40;2;;;;;в т.ч. часов в инт. форме:;;;;;;;;;;;;;;;;;;;;;;;;;;;;;;;;;;;;;;;;;;;;;;;;;;;;;;;;;;;;;;;;;;;;;;;;;;;;;;;;;;;;;;;;;;;;;;;;;;;;;;;;;;;;;;;;;;;;;;;;;;;;;;
41;3;;;;;в т.ч. часов в электронной форме:;;;;;;;;;;;;;;;;;;;;;;;;;;;;;;;;;;;;;;;;;;;;;;;;;;;;;;;;;;;;;;;;;;;;;;;;;;;;;;;;;;;;;;;;;;;;;;;;;;;;;;;;;;;;;;;;;;;;;;;;;;;;;;
42;1;Б1.Б.10;Физическая культура и спорт;;;;2;;;;72;72;48;16;;32;24;;2;2;72;48;2;36;8;;16;12;;1;36;8;;16;12;;1;;;;;;;;;;;;;;;;;;;;;;;;;;;;;;;;;;;;;;;;;;;;;;;;;;;;;;;;;;;;;;;;;;;;;;;;;;;;;;;;;;;;;;;;36;;66.7%;;;5;Физического воспитания;"ОК-6; ПК-1, 16"
43;2;;;;;в т.ч. часов в инт. форме:;;;;;;;;;;;;;;;;;;;;;;;;;;;;;;;;;;;;;;;;;;;;;;;;;;;;;;;;;;;;;;;;;;;;;;;;;;;;;;;;;;;;;;;;;;;;;;;;;;;;;;;;;;;;;;;;;;;;;;;;;;;;;;
44;3;;;;;в т.ч. часов в электронной форме:;;;;;;;;;;;;;;;;;;;;;;;;;;;;;;;;;;;;;;;;;;;;;;;;;;;;;;;;;;;;;;;;;;;;;;;;;;;;;;;;;;;;;;;;;;;;;;;;;;;;;;;;;;;;;;;;;;;;;;;;;;;;;;
45;1;Б1.Б.11;История;;;;1;;;;72;72;44;8;;36;28;;2;2;72;44;2;72;8;;36;28;;2;;;;;;;;;;;;;;;;;;;;;;;;;;;;;;;;;;;;;;;;;;;;;;;;;;;;;;;;;;;;;;;;;;;;;;;;;;;;;;;;;;;;;;;;;;;;;;;36;;81.8%;;;1;Философии, гуманитарных наук и психологии;ОК-1, 3
46;2;;;;;в т.ч. часов в инт. форме:;;;;;;;;;;;;;;;;;;;;;;;;;;;;;;;;;;;;;;;;;;;;;;;;;;;;;;;;;;;;;;;;;;;;;;;;;;;;;;;;;;;;;;;;;;;;;;;;;;;;;;;;;;;;;;;;;;;;;;;;;;;;;;
47;3;;;;;в т.ч. часов в электронной форме:;;;;;;;;;;;;;;;;;;;;;;;;;;;;;;;;;;;;;;;;;;;;;;;;;;;;;;;;;;;;;;;;;;;;;;;;;;;;;;;;;;;;;;;;;;;;;;;;;;;;;;;;;;;;;;;;;;;;;;;;;;;;;;
48;1;Б1.Б.12;Первая помощь и уход за больными;;;;2;;;;108;108;66;18;;48;42;;3;3;108;66;3;72;12;;32;28;;2;36;6;;16;14;;1;;;;;;;;;;;;;;;;;;;;;;;;;;;;;;;;;;;;;;;;;;;;;;;;;;;;;;;;;;;;;;;;;;;;;;;;;;;;;;;;;;;;;;;;36;;72.7%;;;60;Симуляционных технологий и неотложной медицины;"ОПК-10, 11; ПК-11"
49;2;;;;;в т.ч. часов в инт. форме:;;;;;;;;;;;;;;;;;;;;;;;;;;;;;;;;;;;;;;;;;;;;;;;;;;;;;;;;;;;;;;;;;;;;;;;;;;;;;;;;;;;;;;;;;;;;;;;;;;;;;;;;;;;;;;;;;;;;;;;;;;;;;;
50;3;;;;;в т.ч. часов в электронной форме:;;;;;;;;;;;;;;;;;;;;;;;;;;;;;;;;;;;;;;;;;;;;;;;;;;;;;;;;;;;;;;;;;;;;;;;;;;;;;;;;;;;;;;;;;;;;;;;;;;;;;;;;;;;;;;;;;;;;;;;;;;;;;;
51;1;Б1.Б.13;Анатомия;;;3;;;;;432;432;260;76;;184;136;36;12;12;324;188;9;108;22;;50;36;;3;216;34;;82;100;;6;108;72;3;108;20;;52;;36;3;;;;;;;;;;;;;;;;;;;;;;;;;;;;;;;;;;;;;;;;;;;;;;;;;;;;;;;;;;;;;;;;;;;;;;;;;;;;;;36;;70.8%;;;15;Анатомии человека;ОПК-9
52;2;;;;;в т.ч. часов в инт. форме:;;;;;;;;;;;;;;;;;;;;;;;;;;;;;;;;;;;;;;;;;;;;;;;;;;;;;;;;;;;;;;;;;;;;;;;;;;;;;;;;;;;;;;;;;;;;;;;;;;;;;;;;;;;;;;;;;;;;;;;;;;;;;;
53;3;;;;;в т.ч. часов в электронной форме:;;;;;;;;;;;;;;;;;;;;;;;;;;;;;;;;;;;;;;;;;;;;;;;;;;;;;;;;;;;;;;;;;;;;;;;;;;;;;;;;;;;;;;;;;;;;;;;;;;;;;;;;;;;;;;;;;;;;;;;;;;;;;;
54;1;Б1.Б.14;Гистология, эмбриология, цитология;;;3;;;;;216;216;120;36;;84;60;36;6;6;108;60;3;;;;;;;;108;18;;42;48;;3;108;60;3;108;18;;42;12;36;3;;;;;;;;;;;;;;;;;;;;;;;;;;;;;;;;;;;;;;;;;;;;;;;;;;;;;;;;;;;;;;;;;;;;;;;;;;;;;;36;;70%;;;6;Гистологии;"ОК-5; ОПК-9"
55;2;;;;;в т.ч. часов в инт. форме:;;;;;;;;;;;;;;;;;;;;;;;;;;;;;;;;;;;;;;;;;;;;;;;;;;;;;;;;;;;;;;;;;;;;;;;;;;;;;;;;;;;;;;;;;;;;;;;;;;;;;;;;;;;;;;;;;;;;;;;;;;;;;;
56;3;;;;;в т.ч. часов в электронной форме:;;;;;;;;;;;;;;;;;;;;;;;;;;;;;;;;;;;;;;;;;;;;;;;;;;;;;;;;;;;;;;;;;;;;;;;;;;;;;;;;;;;;;;;;;;;;;;;;;;;;;;;;;;;;;;;;;;;;;;;;;;;;;;
57;1;Б1.Б.15;Биохимия;;;4;;;;;324;324;166;40;126;;122;36;9;9;;;;;;;;;;;;;;;;;;324;166;9;216;26;80;;110;;6;108;14;46;;12;36;3;;;;;;;;;;;;;;;;;;;;;;;;;;;;;;;;;;;;;;;;;;;;;;;;;;;;;;;;;;;;;;;;;;;;;;;36;;;;;10;Биохимии;"ОПК-7; ПК-5"
58;2;;;;;в т.ч. часов в инт. форме:;;;;;;;;;;;;;;;;;;;;;;;;;;;;;;;;;;;;;;;;;;;;;;;;;;;;;;;;;;;;;;;;;;;;;;;;;;;;;;;;;;;;;;;;;;;;;;;;;;;;;;;;;;;;;;;;;;;;;;;;;;;;;;
59;3;;;;;в т.ч. часов в электронной форме:;;;;;;;;;;;;;;;;;;;;;;;;;;;;;;;;;;;;;;;;;;;;;;;;;;;;;;;;;;;;;;;;;;;;;;;;;;;;;;;;;;;;;;;;;;;;;;;;;;;;;;;;;;;;;;;;;;;;;;;;;;;;;;
60;1;Б1.Б.16;Нормальная физиология;;;4;;;;;324;324;170;40;;130;118;36;9;9;;;;;;;;;;;;;;;;;;324;170;9;216;26;;82;108;;6;108;14;;48;10;36;3;;;;;;;;;;;;;;;;;;;;;;;;;;;;;;;;;;;;;;;;;;;;;;;;;;;;;;;;;;;;;;;;;;;;;;;36;;76.5%;;;13;Нормальной физиологии;"ОПК-7, 9; ПК-15"
61;2;;;;;в т.ч. часов в инт. форме:;;;;;;;;;;;;;;;;;;;;;;;;;;;;;;;;;;;;;;;;;;;;;;;;;;;;;;;;;;;;;;;;;;;;;;;;;;;;;;;;;;;;;;;;;;;;;;;;;;;;;;;;;;;;;;;;;;;;;;;;;;;;;;
62;3;;;;;в т.ч. часов в электронной форме:;;;;;;;;;;;;;;;;;;;;;;;;;;;;;;;;;;;;;;;;;;;;;;;;;;;;;;;;;;;;;;;;;;;;;;;;;;;;;;;;;;;;;;;;;;;;;;;;;;;;;;;;;;;;;;;;;;;;;;;;;;;;;;
63;1;Б1.Б.17;Микробиология, вирусология;;;4;;;;;252;252;118;36;;82;98;36;7;7;;;;;;;;;;;;;;;;;;252;118;7;144;18;;40;86;;4;108;18;;42;12;36;3;;;;;;;;;;;;;;;;;;;;;;;;;;;;;;;;;;;;;;;;;;;;;;;;;;;;;;;;;;;;;;;;;;;;;;;36;;69.5%;;;8;Микробиологии, вирусологии и иммунологии;"ОПК-7; ПК-5"
64;2;;;;;в т.ч. часов в инт. форме:;;;;;;;;;;;;;;;;;;;;;;;;;;;;;;;;;;;;;;;;;;;;;;;;;;;;;;;;;;;;;;;;;;;;;;;;;;;;;;;;;;;;;;;;;;;;;;;;;;;;;;;;;;;;;;;;;;;;;;;;;;;;;;
65;3;;;;;в т.ч. часов в электронной форме:;;;;;;;;;;;;;;;;;;;;;;;;;;;;;;;;;;;;;;;;;;;;;;;;;;;;;;;;;;;;;;;;;;;;;;;;;;;;;;;;;;;;;;;;;;;;;;;;;;;;;;;;;;;;;;;;;;;;;;;;;;;;;;
66;1;Б1.Б.18;Философия;;;4;;;;;180;180;100;24;;76;44;36;5;5;;;;;;;;;;;;;;;;;;180;100;5;54;12;;28;14;;1.5;126;12;;48;30;36;3.5;;;;;;;;;;;;;;;;;;;;;;;;;;;;;;;;;;;;;;;;;;;;;;;;;;;;;;;;;;;;;;;;;;;;;;;36;;76%;;;1;Философии, гуманитарных наук и психологии;ОК-1, 2, 5
67;2;;;;;в т.ч. часов в инт. форме:;;;;;;;;;;;;;;;;;;;;;;;;;;;;;;;;;;;;;;;;;;;;;;;;;;;;;;;;;;;;;;;;;;;;;;;;;;;;;;;;;;;;;;;;;;;;;;;;;;;;;;;;;;;;;;;;;;;;;;;;;;;;;;
68;3;;;;;в т.ч. часов в электронной форме:;;;;;;;;;;;;;;;;;;;;;;;;;;;;;;;;;;;;;;;;;;;;;;;;;;;;;;;;;;;;;;;;;;;;;;;;;;;;;;;;;;;;;;;;;;;;;;;;;;;;;;;;;;;;;;;;;;;;;;;;;;;;;;
69;1;Б1.Б.19;Сестринское дело;;;;4;;;;108;108;64;8;;56;44;;3;3;;;;;;;;;;;;;;;;;;108;64;3;72;8;;34;30;;2;36;;;22;14;;1;;;;;;;;;;;;;;;;;;;;;;;;;;;;;;;;;;;;;;;;;;;;;;;;;;;;;;;;;;;;;;;;;;;;;;;36;;87.5%;;;43;Пропедевтики детских болезней, детской эндокринологии и диабетологии;"ОПК-4, 10, 11; ПК-10, 15"
70;2;;;;;в т.ч. часов в инт. форме:;;;;;;;;;;;;;;;;;;;;;;;;;;;;;;;;;;;;;;;;;;;;;;;;;;;;;;;;;;;;;;;;;;;;;;;;;;;;;;;;;;;;;;;;;;;;;;;;;;;;;;;;;;;;;;;;;;;;;;;;;;;;;;
71;3;;;;;в т.ч. часов в электронной форме:;;;;;;;;;;;;;;;;;;;;;;;;;;;;;;;;;;;;;;;;;;;;;;;;;;;;;;;;;;;;;;;;;;;;;;;;;;;;;;;;;;;;;;;;;;;;;;;;;;;;;;;;;;;;;;;;;;;;;;;;;;;;;;
72;1;Б1.Б.20;Гигиена;;;5;;;;;252;252;126;32;;94;90;36;7;7;;;;;;;;;;;;;;;;;;144;64;4;;;;;;;;144;16;;48;80;;4;108;62;3;108;16;;46;10;36;3;;;;;;;;;;;;;;;;;;;;;;;;;;;;;;;;;;;;;;;;;;;;;;;;;;;;;;;;;;;;;36;;74.6%;;;19;Общей гигиены и экологии;ПК-1, 4, 15, 16
73;2;;;;;в т.ч. часов в инт. форме:;;;;;;;;;;;;;;;;;;;;;;;;;;;;;;;;;;;;;;;;;;;;;;;;;;;;;;;;;;;;;;;;;;;;;;;;;;;;;;;;;;;;;;;;;;;;;;;;;;;;;;;;;;;;;;;;;;;;;;;;;;;;;;
74;3;;;;;в т.ч. часов в электронной форме:;;;;;;;;;;;;;;;;;;;;;;;;;;;;;;;;;;;;;;;;;;;;;;;;;;;;;;;;;;;;;;;;;;;;;;;;;;;;;;;;;;;;;;;;;;;;;;;;;;;;;;;;;;;;;;;;;;;;;;;;;;;;;;
75;1;Б1.Б.21;Пропедевтика внутренних болезней;;;5;;;;;180;180;72;14;;58;72;36;5;5;;;;;;;;;;;;;;;;;;72;30;2;;;;;;;;72;6;;24;42;;2;108;42;3;108;8;;34;30;36;3;;;;;;;;;;;;;;;;;;;;;;;;;;;;;;;;;;;;;;;;;;;;;;;;;;;;;;;;;;;;;36;;80.6%;;;36;Терапии, гастроэнтерологии и пульмонологии;"ОПК-4; ПК-5, 6"
76;2;;;;;в т.ч. часов в инт. форме:;;;;;;;;;;;;;;;;;;;;;;;;;;;;;;;;;;;;;;;;;;;;;;;;;;;;;;;;;;;;;;;;;;;;;;;;;;;;;;;;;;;;;;;;;;;;;;;;;;;;;;;;;;;;;;;;;;;;;;;;;;;;;;
77;3;;;;;в т.ч. часов в электронной форме:;;;;;;;;;;;;;;;;;;;;;;;;;;;;;;;;;;;;;;;;;;;;;;;;;;;;;;;;;;;;;;;;;;;;;;;;;;;;;;;;;;;;;;;;;;;;;;;;;;;;;;;;;;;;;;;;;;;;;;;;;;;;;;
78;1;Б1.Б.22;Общая хирургия;;;5;;;;;180;180;78;20;;58;66;36;5;5;;;;;;;;;;;;;;;;;;72;48;2;;;;;;;;72;12;;36;24;;2;108;30;3;108;8;;22;42;36;3;;;;;;;;;;;;;;;;;;;;;;;;;;;;;;;;;;;;;;;;;;;;;;;;;;;;;;;;;;;;;36;;74.4%;;;49;Общей хирургии;"ОПК-10, 11; ПК-5, 8, 11"
79;2;;;;;в т.ч. часов в инт. форме:;;;;;;;;;;;;;;;;;;;;;;;;;;;;;;;;;;;;;;;;;;;;;;;;;;;;;;;;;;;;;;;;;;;;;;;;;;;;;;;;;;;;;;;;;;;;;;;;;;;;;;;;;;;;;;;;;;;;;;;;;;;;;;
80;3;;;;;в т.ч. часов в электронной форме:;;;;;;;;;;;;;;;;;;;;;;;;;;;;;;;;;;;;;;;;;;;;;;;;;;;;;;;;;;;;;;;;;;;;;;;;;;;;;;;;;;;;;;;;;;;;;;;;;;;;;;;;;;;;;;;;;;;;;;;;;;;;;;
81;1;Б1.Б.23;Лучевая диагностика;;;;;5;;;108;108;64;18;;46;44;;3;3;;;;;;;;;;;;;;;;;;;;;;;;;;;;;;;;;;;108;64;3;108;18;;46;44;;3;;;;;;;;;;;;;;;;;;;;;;;;;;;;;;;;;;;;;;;;;;;;;;;;;;;;;;;;;;;;;36;;71.9%;;;30;Лучевой диагностики и лучевой терапии;"ОПК-9; ПК-5, 20"
82;2;;;;;в т.ч. часов в инт. форме:;;;;;;;;;;;;;;;;;;;;;;;;;;;;;;;;;;;;;;;;;;;;;;;;;;;;;;;;;;;;;;;;;;;;;;;;;;;;;;;;;;;;;;;;;;;;;;;;;;;;;;;;;;;;;;;;;;;;;;;;;;;;;;
83;3;;;;;в т.ч. часов в электронной форме:;;;;;;;;;;;;;;;;;;;;;;;;;;;;;;;;;;;;;;;;;;;;;;;;;;;;;;;;;;;;;;;;;;;;;;;;;;;;;;;;;;;;;;;;;;;;;;;;;;;;;;;;;;;;;;;;;;;;;;;;;;;;;;
84;1;Б1.Б.24;Фармакология;;;6;;;;;252;252;122;30;;92;94;36;7;7;;;;;;;;;;;;;;;;;;;;;;;;;;;;;;;;;;;252;122;7;126;16;;48;62;;3.5;126;14;;44;32;36;3.5;;;;;;;;;;;;;;;;;;;;;;;;;;;;;;;;;;;;;;;;;;;;;;;;;;;;;;36;;75.4%;;;17;Фармакологии;ОПК-1, 6, 8
85;2;;;;;в т.ч. часов в инт. форме:;;;;;;;;;;;;;;;;;;;;;;;;;;;;;;;;;;;;;;;;;;;;;;;;;;;;;;;;;;;;;;;;;;;;;;;;;;;;;;;;;;;;;;;;;;;;;;;;;;;;;;;;;;;;;;;;;;;;;;;;;;;;;;
86;3;;;;;в т.ч. часов в электронной форме:;;;;;;;;;;;;;;;;;;;;;;;;;;;;;;;;;;;;;;;;;;;;;;;;;;;;;;;;;;;;;;;;;;;;;;;;;;;;;;;;;;;;;;;;;;;;;;;;;;;;;;;;;;;;;;;;;;;;;;;;;;;;;;
87;1;Б1.Б.25;Патологическая анатомия;;;6;;;;;252;252;130;28;;102;86;36;7;7;;;;;;;;;;;;;;;;;;;;;;;;;;;;;;;;;;;252;130;7;144;20;;54;70;;4;108;8;;48;16;36;3;;;;;;;;;;;;;;;;;;;;;;;;;;;;;;;;;;;;;;;;;;;;;;;;;;;;;;36;;78.5%;;;16;Патологической анатомии;"ОПК-9; ПК-6"
88;2;;;;;в т.ч. часов в инт. форме:;;;;;;;;;;;;;;;;;;;;;;;;;;;;;;;;;;;;;;;;;;;;;;;;;;;;;;;;;;;;;;;;;;;;;;;;;;;;;;;;;;;;;;;;;;;;;;;;;;;;;;;;;;;;;;;;;;;;;;;;;;;;;;
89;3;;;;;в т.ч. часов в электронной форме:;;;;;;;;;;;;;;;;;;;;;;;;;;;;;;;;;;;;;;;;;;;;;;;;;;;;;;;;;;;;;;;;;;;;;;;;;;;;;;;;;;;;;;;;;;;;;;;;;;;;;;;;;;;;;;;;;;;;;;;;;;;;;;
90;1;Б1.Б.26;Патофизиология;;;6;;;;;252;252;124;36;;88;92;36;7;7;;;;;;;;;;;;;;;;;;;;;;;;;;;;;;;;;;;252;124;7;144;28;;46;70;;4;108;8;;42;22;36;3;;;;;;;;;;;;;;;;;;;;;;;;;;;;;;;;;;;;;;;;;;;;;;;;;;;;;;36;;71%;;;14;Патологической физиологии;"ОК-1; ОПК-7, 9; ПК-21"
91;2;;;;;в т.ч. часов в инт. форме:;;;;;;;;;;;;;;;;;;;;;;;;;;;;;;;;;;;;;;;;;;;;;;;;;;;;;;;;;;;;;;;;;;;;;;;;;;;;;;;;;;;;;;;;;;;;;;;;;;;;;;;;;;;;;;;;;;;;;;;;;;;;;;
92;3;;;;;в т.ч. часов в электронной форме:;;;;;;;;;;;;;;;;;;;;;;;;;;;;;;;;;;;;;;;;;;;;;;;;;;;;;;;;;;;;;;;;;;;;;;;;;;;;;;;;;;;;;;;;;;;;;;;;;;;;;;;;;;;;;;;;;;;;;;;;;;;;;;
93;1;Б1.Б.27;Пропедевтика детских болезней;;;6;;;;;216;216;114;30;;84;66;36;6;6;;;;;;;;;;;;;;;;;;;;;;;;;;;;;;;;;;;216;114;6;108;16;;42;50;;3;108;14;;42;16;36;3;;;;;;;;;;;;;;;;;;;;;;;;;;;;;;;;;;;;;;;;;;;;;;;;;;;;;;36;;73.7%;;;43;Пропедевтики детских болезней, детской эндокринологии и диабетологии;"ОПК-4, 9, 11; ПК-5, 6"
94;2;;;;;в т.ч. часов в инт. форме:;;;;;;;;;;;;;;;;;;;;;;;;;;;;;;;;;;;;;;;;;;;;;;;;;;;;;;;;;;;;;;;;;;;;;;;;;;;;;;;;;;;;;;;;;;;;;;;;;;;;;;;;;;;;;;;;;;;;;;;;;;;;;;
95;3;;;;;в т.ч. часов в электронной форме:;;;;;;;;;;;;;;;;;;;;;;;;;;;;;;;;;;;;;;;;;;;;;;;;;;;;;;;;;;;;;;;;;;;;;;;;;;;;;;;;;;;;;;;;;;;;;;;;;;;;;;;;;;;;;;;;;;;;;;;;;;;;;;
96;1;Б1.Б.28;Основы формирования здоровья детей;;;;6;;;;108;108;66;14;;52;42;;3;3;;;;;;;;;;;;;;;;;;;;;;;;;;;;;;;;;;;108;66;3;;;;;;;;108;14;;52;42;;3;;;;;;;;;;;;;;;;;;;;;;;;;;;;;;;;;;;;;;;;;;;;;;;;;;;;;;36;;78.8%;;;43;Пропедевтики детских болезней, детской эндокринологии и диабетологии;ПК-1, 15, 16, 22
97;2;;;;;в т.ч. часов в инт. форме:;;;;;;;;;;;;;;;;;;;;;;;;;;;;;;;;;;;;;;;;;;;;;;;;;;;;;;;;;;;;;;;;;;;;;;;;;;;;;;;;;;;;;;;;;;;;;;;;;;;;;;;;;;;;;;;;;;;;;;;;;;;;;;
98;3;;;;;в т.ч. часов в электронной форме:;;;;;;;;;;;;;;;;;;;;;;;;;;;;;;;;;;;;;;;;;;;;;;;;;;;;;;;;;;;;;;;;;;;;;;;;;;;;;;;;;;;;;;;;;;;;;;;;;;;;;;;;;;;;;;;;;;;;;;;;;;;;;;
99;1;Б1.Б.29;Иммунология;;;;6;;;;72;72;44;10;;34;28;;2;2;;;;;;;;;;;;;;;;;;;;;;;;;;;;;;;;;;;72;44;2;;;;;;;;72;10;;34;28;;2;;;;;;;;;;;;;;;;;;;;;;;;;;;;;;;;;;;;;;;;;;;;;;;;;;;;;;36;;77.3%;;;38;Клинической иммунологии и аллергологии;"ОПК-8, 9; ПК-1, 5, 9"
100;2;;;;;в т.ч. часов в инт. форме:;;;;;;;;;;;;;;;;;;;;;;;;;;;;;;;;;;;;;;;;;;;;;;;;;;;;;;;;;;;;;;;;;;;;;;;;;;;;;;;;;;;;;;;;;;;;;;;;;;;;;;;;;;;;;;;;;;;;;;;;;;;;;;
101;3;;;;;в т.ч. часов в электронной форме:;;;;;;;;;;;;;;;;;;;;;;;;;;;;;;;;;;;;;;;;;;;;;;;;;;;;;;;;;;;;;;;;;;;;;;;;;;;;;;;;;;;;;;;;;;;;;;;;;;;;;;;;;;;;;;;;;;;;;;;;;;;;;;
102;1;Б1.Б.30;Медицинская генетика;;;;6;;;;108;108;64;14;;50;44;;3;3;;;;;;;;;;;;;;;;;;;;;;;;;;;;;;;;;;;108;64;3;;;;;;;;108;14;;50;44;;3;;;;;;;;;;;;;;;;;;;;;;;;;;;;;;;;;;;;;;;;;;;;;;;;;;;;;;36;;78.1%;;;45;Факультетской педиатрии;ПК-5, 8, 16
103;2;;;;;в т.ч. часов в инт. форме:;;;;;;;;;;;;;;;;;;;;;;;;;;;;;;;;;;;;;;;;;;;;;;;;;;;;;;;;;;;;;;;;;;;;;;;;;;;;;;;;;;;;;;;;;;;;;;;;;;;;;;;;;;;;;;;;;;;;;;;;;;;;;;
104;3;;;;;в т.ч. часов в электронной форме:;;;;;;;;;;;;;;;;;;;;;;;;;;;;;;;;;;;;;;;;;;;;;;;;;;;;;;;;;;;;;;;;;;;;;;;;;;;;;;;;;;;;;;;;;;;;;;;;;;;;;;;;;;;;;;;;;;;;;;;;;;;;;;
105;1;Б1.Б.31;Топографическая анатомия и оперативная хирургия;;;7;;;;;180;180;78;14;;64;66;36;5;5;;;;;;;;;;;;;;;;;;;;;;;;;;;;;;;;;;;108;50;3;;;;;;;;108;8;;42;58;;3;72;28;2;72;6;;22;8;36;2;;;;;;;;;;;;;;;;;;;;;;;;;;;;;;;;;;;;;;;;;;;;36;;82.1%;;;18;Оперативной хирургии и топографической анатомии;"ОПК-11; ПК-10, 11"
106;2;;;;;в т.ч. часов в инт. форме:;;;;;;;;;;;;;;;;;;;;;;;;;;;;;;;;;;;;;;;;;;;;;;;;;;;;;;;;;;;;;;;;;;;;;;;;;;;;;;;;;;;;;;;;;;;;;;;;;;;;;;;;;;;;;;;;;;;;;;;;;;;;;;
107;3;;;;;в т.ч. часов в электронной форме:;;;;;;;;;;;;;;;;;;;;;;;;;;;;;;;;;;;;;;;;;;;;;;;;;;;;;;;;;;;;;;;;;;;;;;;;;;;;;;;;;;;;;;;;;;;;;;;;;;;;;;;;;;;;;;;;;;;;;;;;;;;;;;
108;1;Б1.Б.32;Хирургические болезни;;;7;;;;;180;180;84;24;;60;60;36;5;5;;;;;;;;;;;;;;;;;;;;;;;;;;;;;;;;;;;54;36;1.5;;;;;;;;54;12;;24;18;;1.5;126;48;3.5;126;12;;36;42;36;3.5;;;;;;;;;;;;;;;;;;;;;;;;;;;;;;;;;;;;;;;;;;;;36;;71.4%;;;51;Факультетской хирургии и онкологии;"ОПК-11; ПК-5, 6, 8"
109;2;;;;;в т.ч. часов в инт. форме:;;;;;;;;;;;;;;;;;;;;;;;;;;;;;;;;;;;;;;;;;;;;;;;;;;;;;;;;;;;;;;;;;;;;;;;;;;;;;;;;;;;;;;;;;;;;;;;;;;;;;;;;;;;;;;;;;;;;;;;;;;;;;;
110;3;;;;;в т.ч. часов в электронной форме:;;;;;;;;;;;;;;;;;;;;;;;;;;;;;;;;;;;;;;;;;;;;;;;;;;;;;;;;;;;;;;;;;;;;;;;;;;;;;;;;;;;;;;;;;;;;;;;;;;;;;;;;;;;;;;;;;;;;;;;;;;;;;;
111;1;Б1.Б.33;Клиническая патофизиология;;;;7;;;;72;72;44;;;44;28;;2;2;;;;;;;;;;;;;;;;;;;;;;;;;;;;;;;;;;;;;;;;;;;;;;;;;;;;72;44;2;72;;;44;28;;2;;;;;;;;;;;;;;;;;;;;;;;;;;;;;;;;;;;;;;;;;;;;36;;100%;;;14;Патологической физиологии;"ОПК-9; ПК-21, 22"
112;2;;;;;в т.ч. часов в инт. форме:;;;;;;;;;;;;;;;;;;;;;;;;;;;;;;;;;;;;;;;;;;;;;;;;;;;;;;;;;;;;;;;;;;;;;;;;;;;;;;;;;;;;;;;;;;;;;;;;;;;;;;;;;;;;;;;;;;;;;;;;;;;;;;
113;3;;;;;в т.ч. часов в электронной форме:;;;;;;;;;;;;;;;;;;;;;;;;;;;;;;;;;;;;;;;;;;;;;;;;;;;;;;;;;;;;;;;;;;;;;;;;;;;;;;;;;;;;;;;;;;;;;;;;;;;;;;;;;;;;;;;;;;;;;;;;;;;;;;
114;1;Б1.Б.34;Офтальмология;;;;7;;;;108;108;64;16;;48;44;;3;3;;;;;;;;;;;;;;;;;;;;;;;;;;;;;;;;;;;;;;;;;;;;;;;;;;;;108;64;3;108;16;;48;44;;3;;;;;;;;;;;;;;;;;;;;;;;;;;;;;;;;;;;;;;;;;;;;36;;75%;;;29;Глазных болезней;"ОПК-11; ПК-5, 6, 9"
115;2;;;;;в т.ч. часов в инт. форме:;;;;;;;;;;;;;;;;;;;;;;;;;;;;;;;;;;;;;;;;;;;;;;;;;;;;;;;;;;;;;;;;;;;;;;;;;;;;;;;;;;;;;;;;;;;;;;;;;;;;;;;;;;;;;;;;;;;;;;;;;;;;;;
116;3;;;;;в т.ч. часов в электронной форме:;;;;;;;;;;;;;;;;;;;;;;;;;;;;;;;;;;;;;;;;;;;;;;;;;;;;;;;;;;;;;;;;;;;;;;;;;;;;;;;;;;;;;;;;;;;;;;;;;;;;;;;;;;;;;;;;;;;;;;;;;;;;;;
117;1;Б1.Б.35;Урология;;;;7;;;;108;108;72;20;;52;36;;3;3;;;;;;;;;;;;;;;;;;;;;;;;;;;;;;;;;;;;;;;;;;;;;;;;;;;;108;72;3;108;20;;52;36;;3;;;;;;;;;;;;;;;;;;;;;;;;;;;;;;;;;;;;;;;;;;;;36;;72.2%;;;58;Урологии;"ОПК-4; ПК-5, 6, 8"
118;2;;;;;в т.ч. часов в инт. форме:;;;;;;;;;;;;;;;;;;;;;;;;;;;;;;;;;;;;;;;;;;;;;;;;;;;;;;;;;;;;;;;;;;;;;;;;;;;;;;;;;;;;;;;;;;;;;;;;;;;;;;;;;;;;;;;;;;;;;;;;;;;;;;
119;3;;;;;в т.ч. часов в электронной форме:;;;;;;;;;;;;;;;;;;;;;;;;;;;;;;;;;;;;;;;;;;;;;;;;;;;;;;;;;;;;;;;;;;;;;;;;;;;;;;;;;;;;;;;;;;;;;;;;;;;;;;;;;;;;;;;;;;;;;;;;;;;;;;
120;1;Б1.Б.36;Эндокринология;;;;7;;;;72;72;44;14;;30;28;;2;2;;;;;;;;;;;;;;;;;;;;;;;;;;;;;;;;;;;;;;;;;;;;;;;;;;;;72;44;2;72;14;;30;28;;2;;;;;;;;;;;;;;;;;;;;;;;;;;;;;;;;;;;;;;;;;;;;36;;68.2%;;;34;Эндокринологии;"ОПК-8; ПК-5, 6, 8"
121;2;;;;;в т.ч. часов в инт. форме:;;;;;;;;;;;;;;;;;;;;;;;;;;;;;;;;;;;;;;;;;;;;;;;;;;;;;;;;;;;;;;;;;;;;;;;;;;;;;;;;;;;;;;;;;;;;;;;;;;;;;;;;;;;;;;;;;;;;;;;;;;;;;;
122;3;;;;;в т.ч. часов в электронной форме:;;;;;;;;;;;;;;;;;;;;;;;;;;;;;;;;;;;;;;;;;;;;;;;;;;;;;;;;;;;;;;;;;;;;;;;;;;;;;;;;;;;;;;;;;;;;;;;;;;;;;;;;;;;;;;;;;;;;;;;;;;;;;;
123;1;Б1.Б.37;Внутренние болезни;;;8;;;;;288;288;156;32;;124;96;36;8;8;;;;;;;;;;;;;;;;;;;;;;;;;;;;;;;;;;;126;48;3.5;;;;;;;;126;10;;38;78;;3.5;162;108;4.5;72;12;;50;10;;2;90;10;;36;8;36;2.5;;;;;;;;;;;;;;;;;;;;;;;;;;;;;;;;;;;;;36;;79.5%;;;36;Терапии, гастроэнтерологии и пульмонологии;ПК-5, 6, 8
124;2;;;;;в т.ч. часов в инт. форме:;;;;;;;;;;;;;;;;;;;;;;;;;;;;;;;;;;;;;;;;;;;;;;;;;;;;;;;;;;;;;;;;;;;;;;;;;;;;;;;;;;;;;;;;;;;;;;;;;;;;;;;;;;;;;;;;;;;;;;;;;;;;;;
125;3;;;;;в т.ч. часов в электронной форме:;;;;;;;;;;;;;;;;;;;;;;;;;;;;;;;;;;;;;;;;;;;;;;;;;;;;;;;;;;;;;;;;;;;;;;;;;;;;;;;;;;;;;;;;;;;;;;;;;;;;;;;;;;;;;;;;;;;;;;;;;;;;;;
126;1;Б1.Б.38;Общественное здоровье и здравоохранение;;;8;;;;;216;216;114;28;;86;66;36;6;6;;;;;;;;;;;;;;;;;;;;;;;;;;;;;;;;;;;;;;;;;;;;;;;;;;;;216;114;6;108;14;;40;54;;3;108;14;;46;12;36;3;;;;;;;;;;;;;;;;;;;;;;;;;;;;;;;;;;;;;36;;75.4%;;;21;Организации здравоохранения, общественного здоровья и медицинского права;"ОПК-3; ПК-4, 7, 17, 18, 20"
127;2;;;;;в т.ч. часов в инт. форме:;;;;;;;;;;;;;;;;;;;;;;;;;;;;;;;;;;;;;;;;;;;;;;;;;;;;;;;;;;;;;;;;;;;;;;;;;;;;;;;;;;;;;;;;;;;;;;;;;;;;;;;;;;;;;;;;;;;;;;;;;;;;;;
128;3;;;;;в т.ч. часов в электронной форме:;;;;;;;;;;;;;;;;;;;;;;;;;;;;;;;;;;;;;;;;;;;;;;;;;;;;;;;;;;;;;;;;;;;;;;;;;;;;;;;;;;;;;;;;;;;;;;;;;;;;;;;;;;;;;;;;;;;;;;;;;;;;;;
129;1;Б1.Б.39;Неврология, нейрохирургия;;;1;;;;;216;216;108;30;;78;72;36;6;6;;;;;;;;;;;;;;;;;;;;;;;;;;;;;;;;;;;;;;;;;;;;;;;;;;;;216;108;6;72;10;;28;34;;2;144;20;;50;38;36;4;;;;;;;;;;;;;;;;;;;;;;;;;;;;;;;;;;;;;-;;72.2%;;;;;
130;2;;;;;в т.ч. часов в инт. форме:;;;;;;;;;;;;;;;;;;;;;;;;;;;;;;;;;;;;;;;;;;;;;;;;;;;;;;;;;;;;;;;;;;;;;;;;;;;;;;;;;;;;;;;;;;;;;;;;;;;;;;;;;;;;;;;;;;;;;;;;;;;;;;
131;3;;;;;в т.ч. часов в электронной форме:;;;;;;;;;;;;;;;;;;;;;;;;;;;;;;;;;;;;;;;;;;;;;;;;;;;;;;;;;;;;;;;;;;;;;;;;;;;;;;;;;;;;;;;;;;;;;;;;;;;;;;;;;;;;;;;;;;;;;;;;;;;;;;
132;1;Б1.Б.39.1;Неврология;;;8;;;;;162;162;76;20;;56;50;36;4.5;4.5;;;;;;;;;;;;;;;;;;;;;;;;;;;;;;;;;;;;;;;;;;;;;;;;;;;;162;76;4.5;72;10;;28;34;;2;90;10;;28;16;36;2.5;;;;;;;;;;;;;;;;;;;;;;;;;;;;;;;;;;;;;36;;73.7%;;;25;Нервных болезней;"ОПК-8; ПК-5, 6, 8"
133;2;;;;;в т.ч. часов в инт. форме:;;;;;;;;;;;;;;;;;;;;;;;;;;;;;;;;;;;;;;;;;;;;;;;;;;;;;;;;;;;;;;;;;;;;;;;;;;;;;;;;;;;;;;;;;;;;;;;;;;;;;;;;;;;;;;;;;;;;;;;;;;;;;;
134;3;;;;;в т.ч. часов в электронной форме:;;;;;;;;;;;;;;;;;;;;;;;;;;;;;;;;;;;;;;;;;;;;;;;;;;;;;;;;;;;;;;;;;;;;;;;;;;;;;;;;;;;;;;;;;;;;;;;;;;;;;;;;;;;;;;;;;;;;;;;;;;;;;;
135;1;Б1.Б.39.2;Нейрохирургия;;;;;;;;54;54;32;10;;22;22;;1.5;1.5;;;;;;;;;;;;;;;;;;;;;;;;;;;;;;;;;;;;;;;;;;;;;;;;;;;;54;32;1.5;;;;;;;;54;10;;22;22;;1.5;;;;;;;;;;;;;;;;;;;;;;;;;;;;;;;;;;;;;36;;68.8%;;;57;Нейрохирургии;ПК-5, 6, 8
136;2;;;;;в т.ч. часов в инт. форме:;;;;;;;;;;;;;;;;;;;;;;;;;;;;;;;;;;;;;;;;;;;;;;;;;;;;;;;;;;;;;;;;;;;;;;;;;;;;;;;;;;;;;;;;;;;;;;;;;;;;;;;;;;;;;;;;;;;;;;;;;;;;;;
137;3;;;;;в т.ч. часов в электронной форме:;;;;;;;;;;;;;;;;;;;;;;;;;;;;;;;;;;;;;;;;;;;;;;;;;;;;;;;;;;;;;;;;;;;;;;;;;;;;;;;;;;;;;;;;;;;;;;;;;;;;;;;;;;;;;;;;;;;;;;;;;;;;;;
138;;*;;;;;;;;;;;;;;;;;;;;;;;;;;;;;;;;;;;;;;;;;;;;;;;;;;;;;;;;;;;;;;;;;;;;;;;;;;;;;;;;;;;;;;;;;;;;;;;;;;;;;;;;;;;;;;;;;;;;;;;;;;;;;;;;;;
139;1;Б1.Б.40;Оториноларингология;;;;8;;;;108;108;64;16;;48;44;;3;3;;;;;;;;;;;;;;;;;;;;;;;;;;;;;;;;;;;;;;;;;;;;;;;;;;;;108;64;3;;;;;;;;108;16;;48;44;;3;;;;;;;;;;;;;;;;;;;;;;;;;;;;;;;;;;;;;36;;75%;;;27;Оториноларингологии;"ОПК-11; ПК-2, 5, 8, 9, 10"
140;2;;;;;в т.ч. часов в инт. форме:;;;;;;;;;;;;;;;;;;;;;;;;;;;;;;;;;;;;;;;;;;;;;;;;;;;;;;;;;;;;;;;;;;;;;;;;;;;;;;;;;;;;;;;;;;;;;;;;;;;;;;;;;;;;;;;;;;;;;;;;;;;;;;
141;3;;;;;в т.ч. часов в электронной форме:;;;;;;;;;;;;;;;;;;;;;;;;;;;;;;;;;;;;;;;;;;;;;;;;;;;;;;;;;;;;;;;;;;;;;;;;;;;;;;;;;;;;;;;;;;;;;;;;;;;;;;;;;;;;;;;;;;;;;;;;;;;;;;
142;1;Б1.Б.41;Факультетская педиатрия;;;9;;;;;360;360;202;56;;146;122;36;10;10;;;;;;;;;;;;;;;;;;;;;;;;;;;;;;;;;;;;;;;;;;;;;;;;;;;;234;132;6.5;126;18;;48;60;;3.5;108;18;;48;42;;3;126;70;3.5;126;20;;50;20;36;3.5;;;;;;;;;;;;;;;;;;;;;;;;;;;36;;72.3%;;;45;Факультетской педиатрии;"ОПК-8; ПК-1, 5, 6, 14"
143;2;;;;;в т.ч. часов в инт. форме:;;;;;;;;;;;;;;;;;;;;;;;;;;;;;;;;;;;;;;;;;;;;;;;;;;;;;;;;;;;;;;;;;;;;;;;;;;;;;;;;;;;;;;;;;;;;;;;;;;;;;;;;;;;;;;;;;;;;;;;;;;;;;;
144;3;;;;;в т.ч. часов в электронной форме:;;;;;;;;;;;;;;;;;;;;;;;;;;;;;;;;;;;;;;;;;;;;;;;;;;;;;;;;;;;;;;;;;;;;;;;;;;;;;;;;;;;;;;;;;;;;;;;;;;;;;;;;;;;;;;;;;;;;;;;;;;;;;;
145;1;Б1.Б.42;Психиатрия, медицинская психология;;;9;;;;;180;180;74;12;;62;70;36;5;5;;;;;;;;;;;;;;;;;;;;;;;;;;;;;;;;;;;;;;;;;;;;;;;;;;;;;;;;;;;;;;;;;;;;;180;74;5;180;12;;62;70;36;5;;;;;;;;;;;;;;;;;;;;;;;;;;;36;;83.8%;;;28;Психиатрии, наркологии, психотерапии и клинической психологии;"ОК-1, 4; ОПК-8; ПК-5, 8"
146;2;;;;;в т.ч. часов в инт. форме:;;;;;;;;;;;;;;;;;;;;;;;;;;;;;;;;;;;;;;;;;;;;;;;;;;;;;;;;;;;;;;;;;;;;;;;;;;;;;;;;;;;;;;;;;;;;;;;;;;;;;;;;;;;;;;;;;;;;;;;;;;;;;;
147;3;;;;;в т.ч. часов в электронной форме:;;;;;;;;;;;;;;;;;;;;;;;;;;;;;;;;;;;;;;;;;;;;;;;;;;;;;;;;;;;;;;;;;;;;;;;;;;;;;;;;;;;;;;;;;;;;;;;;;;;;;;;;;;;;;;;;;;;;;;;;;;;;;;
148;1;Б1.Б.43;Дерматовенерология;;;9;;;;;108;108;64;14;;50;8;36;3;3;;;;;;;;;;;;;;;;;;;;;;;;;;;;;;;;;;;;;;;;;;;;;;;;;;;;;;;;;;;;;;;;;;;;;108;64;3;108;14;;50;8;36;3;;;;;;;;;;;;;;;;;;;;;;;;;;;36;;78.1%;;;26;Дерматовенерологии и косметологии;"ОПК-6; ПК-6, 9, 15"
149;2;;;;;в т.ч. часов в инт. форме:;;;;;;;;;;;;;;;;;;;;;;;;;;;;;;;;;;;;;;;;;;;;;;;;;;;;;;;;;;;;;;;;;;;;;;;;;;;;;;;;;;;;;;;;;;;;;;;;;;;;;;;;;;;;;;;;;;;;;;;;;;;;;;
150;3;;;;;в т.ч. часов в электронной форме:;;;;;;;;;;;;;;;;;;;;;;;;;;;;;;;;;;;;;;;;;;;;;;;;;;;;;;;;;;;;;;;;;;;;;;;;;;;;;;;;;;;;;;;;;;;;;;;;;;;;;;;;;;;;;;;;;;;;;;;;;;;;;;
151;1;Б1.Б.44;Эпидемиология;;;;9;;;;108;108;70;18;;52;38;;3;3;;;;;;;;;;;;;;;;;;;;;;;;;;;;;;;;;;;;;;;;;;;;;;;;;;;;;;;;;;;;;;;;;;;;;108;70;3;108;18;;52;38;;3;;;;;;;;;;;;;;;;;;;;;;;;;;;36;;74.3%;;;73;Эпидемиологии;ПК-1, 3, 13, 19
152;2;;;;;в т.ч. часов в инт. форме:;;;;;;;;;;;;;;;;;;;;;;;;;;;;;;;;;;;;;;;;;;;;;;;;;;;;;;;;;;;;;;;;;;;;;;;;;;;;;;;;;;;;;;;;;;;;;;;;;;;;;;;;;;;;;;;;;;;;;;;;;;;;;;
153;3;;;;;в т.ч. часов в электронной форме:;;;;;;;;;;;;;;;;;;;;;;;;;;;;;;;;;;;;;;;;;;;;;;;;;;;;;;;;;;;;;;;;;;;;;;;;;;;;;;;;;;;;;;;;;;;;;;;;;;;;;;;;;;;;;;;;;;;;;;;;;;;;;;
154;1;Б1.Б.45;Инфекционные болезни;;;;9;;;;108;108;64;12;;52;44;;3;3;;;;;;;;;;;;;;;;;;;;;;;;;;;;;;;;;;;;;;;;;;;;;;;;;;;;;;;;;;;;;;;;;;;;;108;64;3;108;12;;52;44;;3;;;;;;;;;;;;;;;;;;;;;;;;;;;36;;81.2%;;;41;Инфекционных болезней;"ОПК-8; ПК-3, 5, 6, 9"
155;2;;;;;в т.ч. часов в инт. форме:;;;;;;;;;;;;;;;;;;;;;;;;;;;;;;;;;;;;;;;;;;;;;;;;;;;;;;;;;;;;;;;;;;;;;;;;;;;;;;;;;;;;;;;;;;;;;;;;;;;;;;;;;;;;;;;;;;;;;;;;;;;;;;
156;3;;;;;в т.ч. часов в электронной форме:;;;;;;;;;;;;;;;;;;;;;;;;;;;;;;;;;;;;;;;;;;;;;;;;;;;;;;;;;;;;;;;;;;;;;;;;;;;;;;;;;;;;;;;;;;;;;;;;;;;;;;;;;;;;;;;;;;;;;;;;;;;;;;
157;1;Б1.Б.46;Медицинская реабилитация;;;;9;;;;108;108;70;16;;54;38;;3;3;;;;;;;;;;;;;;;;;;;;;;;;;;;;;;;;;;;;;;;;;;;;;;;;;;;;63;40;1.75;;;;;;;;63;10;;30;23;;1.75;45;30;1.25;45;6;;24;15;;1.25;;;;;;;;;;;;;;;;;;;;;;;;;;;36;;77.1%;;;24;Лечебной физкультуры, спортивной медицины и физиотерапии;ПК-14, 15
158;2;;;;;в т.ч. часов в инт. форме:;;;;;;;;;;;;;;;;;;;;;;;;;;;;;;;;;;;;;;;;;;;;;;;;;;;;;;;;;;;;;;;;;;;;;;;;;;;;;;;;;;;;;;;;;;;;;;;;;;;;;;;;;;;;;;;;;;;;;;;;;;;;;;
159;3;;;;;в т.ч. часов в электронной форме:;;;;;;;;;;;;;;;;;;;;;;;;;;;;;;;;;;;;;;;;;;;;;;;;;;;;;;;;;;;;;;;;;;;;;;;;;;;;;;;;;;;;;;;;;;;;;;;;;;;;;;;;;;;;;;;;;;;;;;;;;;;;;;
160;1;Б1.Б.47;Акушерство и гинекология;;;A;;;;;324;324;168;40;;128;120;36;9;9;;;;;;;;;;;;;;;;;;;;;;;;;;;;;;;;;;;;;;;;;;;;;;;;;;;;162;84;4.5;108;10;;32;66;;3;54;10;;32;12;;1.5;162;84;4.5;54;10;;32;12;;1.5;108;10;;32;30;36;3;;;;;;;;;;;;;;;;;;;;36;;76.2%;;;55;Акушерства и гинекологии педиатрического факультета;"ОПК-6, 11; ПК-5, 12, 16"
161;2;;;;;в т.ч. часов в инт. форме:;;;;;;;;;;;;;;;;;;;;;;;;;;;;;;;;;;;;;;;;;;;;;;;;;;;;;;;;;;;;;;;;;;;;;;;;;;;;;;;;;;;;;;;;;;;;;;;;;;;;;;;;;;;;;;;;;;;;;;;;;;;;;;
162;3;;;;;в т.ч. часов в электронной форме:;;;;;;;;;;;;;;;;;;;;;;;;;;;;;;;;;;;;;;;;;;;;;;;;;;;;;;;;;;;;;;;;;;;;;;;;;;;;;;;;;;;;;;;;;;;;;;;;;;;;;;;;;;;;;;;;;;;;;;;;;;;;;;
163;1;Б1.Б.48;Онкология, лучевая терапия;;;;1;;;;108;108;64;16;;48;44;;3;3;;;;;;;;;;;;;;;;;;;;;;;;;;;;;;;;;;;;;;;;;;;;;;;;;;;;;;;;;;;;;;;;;;;;;108;64;3;;;;;;;;108;16;;48;44;;3;;;;;;;;;;;;;;;;;;;;-;;75%;;;;;
164;2;;;;;в т.ч. часов в инт. форме:;;;;;;;;;;;;;;;;;;;;;;;;;;;;;;;;;;;;;;;;;;;;;;;;;;;;;;;;;;;;;;;;;;;;;;;;;;;;;;;;;;;;;;;;;;;;;;;;;;;;;;;;;;;;;;;;;;;;;;;;;;;;;;
165;3;;;;;в т.ч. часов в электронной форме:;;;;;;;;;;;;;;;;;;;;;;;;;;;;;;;;;;;;;;;;;;;;;;;;;;;;;;;;;;;;;;;;;;;;;;;;;;;;;;;;;;;;;;;;;;;;;;;;;;;;;;;;;;;;;;;;;;;;;;;;;;;;;;
166;1;Б1.Б.48.1;Онкология;;;;A;;;;72;72;48;12;;36;24;;2;2;;;;;;;;;;;;;;;;;;;;;;;;;;;;;;;;;;;;;;;;;;;;;;;;;;;;;;;;;;;;;;;;;;;;;72;48;2;;;;;;;;72;12;;36;24;;2;;;;;;;;;;;;;;;;;;;;36;;75%;;;51;Факультетской хирургии и онкологии;"ОПК-9; ПК-5, 6, 8"
167;2;;;;;в т.ч. часов в инт. форме:;;;;;;;;;;;;;;;;;;;;;;;;;;;;;;;;;;;;;;;;;;;;;;;;;;;;;;;;;;;;;;;;;;;;;;;;;;;;;;;;;;;;;;;;;;;;;;;;;;;;;;;;;;;;;;;;;;;;;;;;;;;;;;
168;3;;;;;в т.ч. часов в электронной форме:;;;;;;;;;;;;;;;;;;;;;;;;;;;;;;;;;;;;;;;;;;;;;;;;;;;;;;;;;;;;;;;;;;;;;;;;;;;;;;;;;;;;;;;;;;;;;;;;;;;;;;;;;;;;;;;;;;;;;;;;;;;;;;
169;1;Б1.Б.48.2;Лучевая терапия;;;;;;;;36;36;16;4;;12;20;;1;1;;;;;;;;;;;;;;;;;;;;;;;;;;;;;;;;;;;;;;;;;;;;;;;;;;;;;;;;;;;;;;;;;;;;;36;16;1;;;;;;;;36;4;;12;20;;1;;;;;;;;;;;;;;;;;;;;36;;75%;;;30;Лучевой диагностики и лучевой терапии;ПК-3, 8
170;2;;;;;в т.ч. часов в инт. форме:;;;;;;;;;;;;;;;;;;;;;;;;;;;;;;;;;;;;;;;;;;;;;;;;;;;;;;;;;;;;;;;;;;;;;;;;;;;;;;;;;;;;;;;;;;;;;;;;;;;;;;;;;;;;;;;;;;;;;;;;;;;;;;
171;3;;;;;в т.ч. часов в электронной форме:;;;;;;;;;;;;;;;;;;;;;;;;;;;;;;;;;;;;;;;;;;;;;;;;;;;;;;;;;;;;;;;;;;;;;;;;;;;;;;;;;;;;;;;;;;;;;;;;;;;;;;;;;;;;;;;;;;;;;;;;;;;;;;
172;;*;;;;;;;;;;;;;;;;;;;;;;;;;;;;;;;;;;;;;;;;;;;;;;;;;;;;;;;;;;;;;;;;;;;;;;;;;;;;;;;;;;;;;;;;;;;;;;;;;;;;;;;;;;;;;;;;;;;;;;;;;;;;;;;;;;
173;1;Б1.Б.49;Стоматология;;;;A;;;;72;72;44;10;;34;28;;2;2;;;;;;;;;;;;;;;;;;;;;;;;;;;;;;;;;;;;;;;;;;;;;;;;;;;;;;;;;;;;;;;;;;;;;72;44;2;;;;;;;;72;10;;34;28;;2;;;;;;;;;;;;;;;;;;;;36;;77.3%;;;66;Стоматологии хирургической и челюстно-лицевой хирургии;ПК-4, 10, 16
174;2;;;;;в т.ч. часов в инт. форме:;;;;;;;;;;;;;;;;;;;;;;;;;;;;;;;;;;;;;;;;;;;;;;;;;;;;;;;;;;;;;;;;;;;;;;;;;;;;;;;;;;;;;;;;;;;;;;;;;;;;;;;;;;;;;;;;;;;;;;;;;;;;;;
175;3;;;;;в т.ч. часов в электронной форме:;;;;;;;;;;;;;;;;;;;;;;;;;;;;;;;;;;;;;;;;;;;;;;;;;;;;;;;;;;;;;;;;;;;;;;;;;;;;;;;;;;;;;;;;;;;;;;;;;;;;;;;;;;;;;;;;;;;;;;;;;;;;;;
176;1;Б1.Б.50;Травматология и ортопедия;;;;A;;;;108;108;64;20;;44;44;;3;3;;;;;;;;;;;;;;;;;;;;;;;;;;;;;;;;;;;;;;;;;;;;;;;;;;;;;;;;;;;;;;;;;;;;;108;64;3;;;;;;;;108;20;;44;44;;3;;;;;;;;;;;;;;;;;;;;36;;68.8%;;;59;Травматологии и ортопедии;ПК-5, 6, 8, 9, 11
177;2;;;;;в т.ч. часов в инт. форме:;;;;;;;;;;;;;;;;;;;;;;;;;;;;;;;;;;;;;;;;;;;;;;;;;;;;;;;;;;;;;;;;;;;;;;;;;;;;;;;;;;;;;;;;;;;;;;;;;;;;;;;;;;;;;;;;;;;;;;;;;;;;;;
178;3;;;;;в т.ч. часов в электронной форме:;;;;;;;;;;;;;;;;;;;;;;;;;;;;;;;;;;;;;;;;;;;;;;;;;;;;;;;;;;;;;;;;;;;;;;;;;;;;;;;;;;;;;;;;;;;;;;;;;;;;;;;;;;;;;;;;;;;;;;;;;;;;;;
179;1;Б1.Б.51;Медицина катастроф;;;;A;;;;108;108;64;22;;42;44;;3;3;;;;;;;;;;;;;;;;;;;;;;;;;;;;;;;;;;;;;;;;;;;;;;;;;;;;;;;;;;;;;;;;;;;;;108;64;3;;;;;;;;108;22;;42;44;;3;;;;;;;;;;;;;;;;;;;;36;;65.6%;;;12;Мобилизационной подготовки здравоохранения и медицины катастроф;"ОК-4, 7; ПК-3, 13, 19"
180;2;;;;;в т.ч. часов в инт. форме:;;;;;;;;;;;;;;;;;;;;;;;;;;;;;;;;;;;;;;;;;;;;;;;;;;;;;;;;;;;;;;;;;;;;;;;;;;;;;;;;;;;;;;;;;;;;;;;;;;;;;;;;;;;;;;;;;;;;;;;;;;;;;;
181;3;;;;;в т.ч. часов в электронной форме:;;;;;;;;;;;;;;;;;;;;;;;;;;;;;;;;;;;;;;;;;;;;;;;;;;;;;;;;;;;;;;;;;;;;;;;;;;;;;;;;;;;;;;;;;;;;;;;;;;;;;;;;;;;;;;;;;;;;;;;;;;;;;;
182;1;Б1.Б.52;Детская хирургия;;;B;;;;;432;432;232;58;;174;164;36;12;12;;;;;;;;;;;;;;;;;;;;;;;;;;;;;;;;;;;;;;;;;;;;;;;;;;;;117;59;3.25;;;;;;;;117;14;;45;58;;3.25;207;110;5.75;144;18;;37;89;;4;63;10;;45;8;;1.75;108;63;3;108;16;;47;9;36;3;;;;;;;;;;36;;75%;;;48;Хирургии детского возраста;ПК-2, 5, 6, 8, 10, 11
183;2;;;;;в т.ч. часов в инт. форме:;;;;;;;;;;;;;;;;;;;;;;;;;;;;;;;;;;;;;;;;;;;;;;;;;;;;;;;;;;;;;;;;;;;;;;;;;;;;;;;;;;;;;;;;;;;;;;;;;;;;;;;;;;;;;;;;;;;;;;;;;;;;;;
184;3;;;;;в т.ч. часов в электронной форме:;;;;;;;;;;;;;;;;;;;;;;;;;;;;;;;;;;;;;;;;;;;;;;;;;;;;;;;;;;;;;;;;;;;;;;;;;;;;;;;;;;;;;;;;;;;;;;;;;;;;;;;;;;;;;;;;;;;;;;;;;;;;;;
185;1;Б1.Б.53;Инфекционные болезни у детей;;;B;;;;;288;288;180;48;;132;72;36;8;8;;;;;;;;;;;;;;;;;;;;;;;;;;;;;;;;;;;;;;;;;;;;;;;;;;;;;;;;;;;;;;;;;;;;;126;96;3.5;;;;;;;;126;26;;70;30;;3.5;162;84;4.5;162;22;;62;42;36;4.5;;;;;;;;;;36;;73.3%;;;42;Инфекционных болезней у детей и поликлинической педиатрии;ПК-6, 8, 10, 11, 21
186;2;;;;;в т.ч. часов в инт. форме:;;;;;;;;;;;;;;;;;;;;;;;;;;;;;;;;;;;;;;;;;;;;;;;;;;;;;;;;;;;;;;;;;;;;;;;;;;;;;;;;;;;;;;;;;;;;;;;;;;;;;;;;;;;;;;;;;;;;;;;;;;;;;;
187;3;;;;;в т.ч. часов в электронной форме:;;;;;;;;;;;;;;;;;;;;;;;;;;;;;;;;;;;;;;;;;;;;;;;;;;;;;;;;;;;;;;;;;;;;;;;;;;;;;;;;;;;;;;;;;;;;;;;;;;;;;;;;;;;;;;;;;;;;;;;;;;;;;;
188;1;Б1.Б.54;Клиническая фармакология;;;B;;;;;180;180;76;18;;58;68;36;5;5;;;;;;;;;;;;;;;;;;;;;;;;;;;;;;;;;;;;;;;;;;;;;;;;;;;;;;;;;;;;;;;;;;;;;108;48;3;;;;;;;;108;10;;38;60;;3;72;28;2;72;8;;20;8;36;2;;;;;;;;;;36;;76.3%;;;31;Профпатологии, гематологии и клинической фармакологии;ПК-8, 9, 20
189;2;;;;;в т.ч. часов в инт. форме:;;;;;;;;;;;;;;;;;;;;;;;;;;;;;;;;;;;;;;;;;;;;;;;;;;;;;;;;;;;;;;;;;;;;;;;;;;;;;;;;;;;;;;;;;;;;;;;;;;;;;;;;;;;;;;;;;;;;;;;;;;;;;;
190;3;;;;;в т.ч. часов в электронной форме:;;;;;;;;;;;;;;;;;;;;;;;;;;;;;;;;;;;;;;;;;;;;;;;;;;;;;;;;;;;;;;;;;;;;;;;;;;;;;;;;;;;;;;;;;;;;;;;;;;;;;;;;;;;;;;;;;;;;;;;;;;;;;;
191;1;Б1.Б.55;Анестезиология, реанимация и интенсивная терапия;;;;B;;;;108;108;62;12;;50;46;;3;3;;;;;;;;;;;;;;;;;;;;;;;;;;;;;;;;;;;;;;;;;;;;;;;;;;;;;;;;;;;;;;;;;;;;;;;;;;;;;;;;;;;;;;108;62;3;108;12;;50;46;;3;;;;;;;;;;36;;80.6%;;;61;Скорой неотложной и анестезиолого-реанимационной помощи;"ОК-4; ОПК-9, 10, 11; ПК-11"
192;2;;;;;в т.ч. часов в инт. форме:;;;;;;;;;;;;;;;;;;;;;;;;;;;;;;;;;;;;;;;;;;;;;;;;;;;;;;;;;;;;;;;;;;;;;;;;;;;;;;;;;;;;;;;;;;;;;;;;;;;;;;;;;;;;;;;;;;;;;;;;;;;;;;
193;3;;;;;в т.ч. часов в электронной форме:;;;;;;;;;;;;;;;;;;;;;;;;;;;;;;;;;;;;;;;;;;;;;;;;;;;;;;;;;;;;;;;;;;;;;;;;;;;;;;;;;;;;;;;;;;;;;;;;;;;;;;;;;;;;;;;;;;;;;;;;;;;;;;
194;1;Б1.Б.56;Неонатология;;;;B;;;;108;108;72;20;;52;36;;3;3;;;;;;;;;;;;;;;;;;;;;;;;;;;;;;;;;;;;;;;;;;;;;;;;;;;;;;;;;;;;;;;;;;;;;;;;;;;;;;;;;;;;;;108;72;3;108;20;;52;36;;3;;;;;;;;;;36;;72.2%;;;46;Госпитальной педиатрии и неонатологии;"ОПК-8; ПК-1, 6, 8, 10"
195;2;;;;;в т.ч. часов в инт. форме:;;;;;;;;;;;;;;;;;;;;;;;;;;;;;;;;;;;;;;;;;;;;;;;;;;;;;;;;;;;;;;;;;;;;;;;;;;;;;;;;;;;;;;;;;;;;;;;;;;;;;;;;;;;;;;;;;;;;;;;;;;;;;;
196;3;;;;;в т.ч. часов в электронной форме:;;;;;;;;;;;;;;;;;;;;;;;;;;;;;;;;;;;;;;;;;;;;;;;;;;;;;;;;;;;;;;;;;;;;;;;;;;;;;;;;;;;;;;;;;;;;;;;;;;;;;;;;;;;;;;;;;;;;;;;;;;;;;;
197;1;Б1.Б.57;Госпитальная педиатрия;;;C;;;;;396;396;240;72;;168;120;36;11;11;;;;;;;;;;;;;;;;;;;;;;;;;;;;;;;;;;;;;;;;;;;;;;;;;;;;;;;;;;;;;;;;;;;;;;;;;;;;;;;;;;;;;;396;240;11;153;36;;84;33;;4.25;243;36;;84;87;36;6.75;;;36;;70%;;;46;Госпитальной педиатрии и неонатологии;"ОПК-6; ПК-6, 8, 10, 20"
198;2;;;;;в т.ч. часов в инт. форме:;;;;;;;;;;;;;;;;;;;;;;;;;;;;;;;;;;;;;;;;;;;;;;;;;;;;;;;;;;;;;;;;;;;;;;;;;;;;;;;;;;;;;;;;;;;;;;;;;;;;;;;;;;;;;;;;;;;;;;;;;;;;;;
199;3;;;;;в т.ч. часов в электронной форме:;;;;;;;;;;;;;;;;;;;;;;;;;;;;;;;;;;;;;;;;;;;;;;;;;;;;;;;;;;;;;;;;;;;;;;;;;;;;;;;;;;;;;;;;;;;;;;;;;;;;;;;;;;;;;;;;;;;;;;;;;;;;;;
200;1;Б1.Б.58;Поликлиническая и неотложная педиатрия;;;C;;;;;396;396;246;56;;190;114;36;11;11;;;;;;;;;;;;;;;;;;;;;;;;;;;;;;;;;;;;;;;;;;;;;;;;;;;;;;;;;;;;;;;;;;;;;126;96;3.5;;;;;;;;126;26;;70;30;;3.5;270;150;7.5;153;24;;60;69;;4.25;117;6;;60;15;36;3.25;;;36;;77.2%;;;42;Инфекционных болезней у детей и поликлинической педиатрии;ПК-1, 2, 9, 10, 11, 14
201;2;;;;;в т.ч. часов в инт. форме:;;;;;;;;;;;;;;;;;;;;;;;;;;;;;;;;;;;;;;;;;;;;;;;;;;;;;;;;;;;;;;;;;;;;;;;;;;;;;;;;;;;;;;;;;;;;;;;;;;;;;;;;;;;;;;;;;;;;;;;;;;;;;;
202;3;;;;;в т.ч. часов в электронной форме:;;;;;;;;;;;;;;;;;;;;;;;;;;;;;;;;;;;;;;;;;;;;;;;;;;;;;;;;;;;;;;;;;;;;;;;;;;;;;;;;;;;;;;;;;;;;;;;;;;;;;;;;;;;;;;;;;;;;;;;;;;;;;;
203;1;Б1.Б.59;Фтизиатрия;;;C;;;;;144;144;72;12;;60;36;36;4;4;;;;;;;;;;;;;;;;;;;;;;;;;;;;;;;;;;;;;;;;;;;;;;;;;;;;;;;;;;;;;;;;;;;;;;;;;;;;;;;;;;;;;;144;72;4;;;;;;;;144;12;;60;36;36;4;;;36;;83.3%;;;32;Фтизиопульмонологии;"ОПК-9; ПК-2, 5"
204;2;;;;;в т.ч. часов в инт. форме:;;;;;;;;;;;;;;;;;;;;;;;;;;;;;;;;;;;;;;;;;;;;;;;;;;;;;;;;;;;;;;;;;;;;;;;;;;;;;;;;;;;;;;;;;;;;;;;;;;;;;;;;;;;;;;;;;;;;;;;;;;;;;;
205;3;;;;;в т.ч. часов в электронной форме:;;;;;;;;;;;;;;;;;;;;;;;;;;;;;;;;;;;;;;;;;;;;;;;;;;;;;;;;;;;;;;;;;;;;;;;;;;;;;;;;;;;;;;;;;;;;;;;;;;;;;;;;;;;;;;;;;;;;;;;;;;;;;;
206;1;Б1.Б.60;Судебная медицина;;;;C;;;;108;108;64;16;;48;44;;3;3;;;;;;;;;;;;;;;;;;;;;;;;;;;;;;;;;;;;;;;;;;;;;;;;;;;;;;;;;;;;;;;;;;;;;;;;;;;;;;;;;;;;;;108;64;3;;;;;;;;108;16;;48;44;;3;;;36;;75%;;;20;Судебной медицины;"ОПК-3, 6, 9; ПК-7"
207;2;;;;;в т.ч. часов в инт. форме:;;;;;;;;;;;;;;;;;;;;;;;;;;;;;;;;;;;;;;;;;;;;;;;;;;;;;;;;;;;;;;;;;;;;;;;;;;;;;;;;;;;;;;;;;;;;;;;;;;;;;;;;;;;;;;;;;;;;;;;;;;;;;;
208;3;;;;;в т.ч. часов в электронной форме:;;;;;;;;;;;;;;;;;;;;;;;;;;;;;;;;;;;;;;;;;;;;;;;;;;;;;;;;;;;;;;;;;;;;;;;;;;;;;;;;;;;;;;;;;;;;;;;;;;;;;;;;;;;;;;;;;;;;;;;;;;;;;;
209;;*;;;;;;;;;;;;;;;;;;;;;;;;;;;;;;;;;;;;;;;;;;;;;;;;;;;;;;;;;;;;;;;;;;;;;;;;;;;;;;;;;;;;;;;;;;;;;;;;;;;;;;;;;;;;;;;;;;;;;;;;;;;;;;;;;;
210;;;;;;;;;;;;;;;;;;;;;;;;;;;;;;;;;;;;;;;;;;;;;;;;;;;;;;;;;;;;;;;;;;;;;;;;;;;;;;;;;;;;;;;;;;;;;;;;;;;;;;;;;;;;;;;;;;;;;;;;;;;;;;;;;;;;
211;;Б1.В;Вариативная часть;;;;15;;;;1408;1408;1036;146;;890;372;;30;30;216;170;4;36;;;36;;;;180;22;;112;46;;4;324;232;7;180;24;;104;52;;4;144;12;;92;40;;3;144;116;2;108;10;;70;28;;2;36;;;36;;;;112;112;;54;;;54;;;;58;;;58;;;;144;92;4;144;18;;74;52;;4;;;;;;;;468;314;13;180;20;;110;50;;5;288;40;;144;104;;8;;;-;;85.9%;;;;;
212;;;;;;;;;;;;;;;;;;;;;;;;;;;;;;;;;;;;;;;;;;;;;;;;;;;;;;;;;;;;;;;;;;;;;;;;;;;;;;;;;;;;;;;;;;;;;;;;;;;;;;;;;;;;;;;;;;;;;;;;;;;;;;;;;;;;
213;;Б1.В.ОД;Обязательные дисциплины;;;;10;;;;756;756;486;98;;388;270;;21;21;144;98;4;;;;;;;;144;22;;76;46;;4;252;160;7;144;24;;68;52;;4;108;12;;56;40;;3;72;44;2;72;10;;34;28;;2;;;;;;;;;;;;;;;;;;;;;;;;;144;92;4;144;18;;74;52;;4;;;;;;;;144;92;4;36;;;24;12;;1;108;12;;56;40;;3;;;-;;79.8%;;;;;
214;1;Б1.В.ОД.1;Психология (адаптационная дисциплина);;;;2;;;;72;72;50;10;;40;22;;2;2;72;50;2;;;;;;;;72;10;;40;22;;2;;;;;;;;;;;;;;;;;;;;;;;;;;;;;;;;;;;;;;;;;;;;;;;;;;;;;;;;;;;;;;;;;;;;;;;;;;;;;;;;;;;;;;;;36;;80%;;;1;Философии, гуманитарных наук и психологии;"ОК-1, 5; ПК-16"
215;2;;;;;в т.ч. часов в инт. форме:;;;;;;;;;;;;;;;;;;;;;;;;;;;;;;;;;;;;;;;;;;;;;;;;;;;;;;;;;;;;;;;;;;;;;;;;;;;;;;;;;;;;;;;;;;;;;;;;;;;;;;;;;;;;;;;;;;;;;;;;;;;;;;
216;3;;;;;в т.ч. часов в электронной форме:;;;;;;;;;;;;;;;;;;;;;;;;;;;;;;;;;;;;;;;;;;;;;;;;;;;;;;;;;;;;;;;;;;;;;;;;;;;;;;;;;;;;;;;;;;;;;;;;;;;;;;;;;;;;;;;;;;;;;;;;;;;;;;
217;1;Б1.В.ОД.2;Педагогика (адаптационная дисциплина);;;;2;;;;72;72;48;12;;36;24;;2;2;72;48;2;;;;;;;;72;12;;36;24;;2;;;;;;;;;;;;;;;;;;;;;;;;;;;;;;;;;;;;;;;;;;;;;;;;;;;;;;;;;;;;;;;;;;;;;;;;;;;;;;;;;;;;;;;;36;;75%;;;4;Педагогики, образовательных технологий и профессиональной коммуникации ИДПО;"ОК-1, 5, 8; ПК-15"
218;2;;;;;в т.ч. часов в инт. форме:;;;;;;;;;;;;;;;;;;;;;;;;;;;;;;;;;;;;;;;;;;;;;;;;;;;;;;;;;;;;;;;;;;;;;;;;;;;;;;;;;;;;;;;;;;;;;;;;;;;;;;;;;;;;;;;;;;;;;;;;;;;;;;
219;3;;;;;в т.ч. часов в электронной форме:;;;;;;;;;;;;;;;;;;;;;;;;;;;;;;;;;;;;;;;;;;;;;;;;;;;;;;;;;;;;;;;;;;;;;;;;;;;;;;;;;;;;;;;;;;;;;;;;;;;;;;;;;;;;;;;;;;;;;;;;;;;;;;
220;1;Б1.В.ОД.3;Основы иммунопрофилактики и иммунотерапии;;;;3;;;;72;72;44;12;;32;28;;2;2;;;;;;;;;;;;;;;;;;72;44;2;72;12;;32;28;;2;;;;;;;;;;;;;;;;;;;;;;;;;;;;;;;;;;;;;;;;;;;;;;;;;;;;;;;;;;;;;;;;;;;;;;;;;;;;;;36;;72.7%;;;8;Микробиологии, вирусологии и иммунологии;"ОПК-7; ПК-1, 5"
221;2;;;;;в т.ч. часов в инт. форме:;;;;;;;;;;;;;;;;;;;;;;;;;;;;;;;;;;;;;;;;;;;;;;;;;;;;;;;;;;;;;;;;;;;;;;;;;;;;;;;;;;;;;;;;;;;;;;;;;;;;;;;;;;;;;;;;;;;;;;;;;;;;;;
222;3;;;;;в т.ч. часов в электронной форме:;;;;;;;;;;;;;;;;;;;;;;;;;;;;;;;;;;;;;;;;;;;;;;;;;;;;;;;;;;;;;;;;;;;;;;;;;;;;;;;;;;;;;;;;;;;;;;;;;;;;;;;;;;;;;;;;;;;;;;;;;;;;;;
223;1;Б1.В.ОД.4;Введение в специальность;;;;3;;;;72;72;48;12;;36;24;;2;2;;;;;;;;;;;;;;;;;;72;48;2;72;12;;36;24;;2;;;;;;;;;;;;;;;;;;;;;;;;;;;;;;;;;;;;;;;;;;;;;;;;;;;;;;;;;;;;;;;;;;;;;;;;;;;;;;36;;75%;;;46;Госпитальной педиатрии и неонатологии;"ОК-8; ОПК-1, 4; ПК-15, 16"
224;2;;;;;в т.ч. часов в инт. форме:;;;;;;;;;;;;;;;;;;;;;;;;;;;;;;;;;;;;;;;;;;;;;;;;;;;;;;;;;;;;;;;;;;;;;;;;;;;;;;;;;;;;;;;;;;;;;;;;;;;;;;;;;;;;;;;;;;;;;;;;;;;;;;
225;3;;;;;в т.ч. часов в электронной форме:;;;;;;;;;;;;;;;;;;;;;;;;;;;;;;;;;;;;;;;;;;;;;;;;;;;;;;;;;;;;;;;;;;;;;;;;;;;;;;;;;;;;;;;;;;;;;;;;;;;;;;;;;;;;;;;;;;;;;;;;;;;;;;
226;1;Б1.В.ОД.5;Биоэтика (адаптационная дисциплина);;;;4;;;;72;72;44;12;;32;28;;2;2;;;;;;;;;;;;;;;;;;72;44;2;;;;;;;;72;12;;32;28;;2;;;;;;;;;;;;;;;;;;;;;;;;;;;;;;;;;;;;;;;;;;;;;;;;;;;;;;;;;;;;;;;;;;;;;;;36;;72.7%;;;1;Философии, гуманитарных наук и психологии;"ОК-5; ОПК-5; ПК-20"
227;2;;;;;в т.ч. часов в инт. форме:;;;;;;;;;;;;;;;;;;;;;;;;;;;;;;;;;;;;;;;;;;;;;;;;;;;;;;;;;;;;;;;;;;;;;;;;;;;;;;;;;;;;;;;;;;;;;;;;;;;;;;;;;;;;;;;;;;;;;;;;;;;;;;
228;3;;;;;в т.ч. часов в электронной форме:;;;;;;;;;;;;;;;;;;;;;;;;;;;;;;;;;;;;;;;;;;;;;;;;;;;;;;;;;;;;;;;;;;;;;;;;;;;;;;;;;;;;;;;;;;;;;;;;;;;;;;;;;;;;;;;;;;;;;;;;;;;;;;
229;1;Б1.В.ОД.6;Психология развития ребенка;;;;5;;;;72;72;44;10;;34;28;;2;2;;;;;;;;;;;;;;;;;;;;;;;;;;;;;;;;;;;72;44;2;72;10;;34;28;;2;;;;;;;;;;;;;;;;;;;;;;;;;;;;;;;;;;;;;;;;;;;;;;;;;;;;;;;;;;;;;36;;77.3%;;;43;Пропедевтики детских болезней, детской эндокринологии и диабетологии;ПК-1, 2
230;2;;;;;в т.ч. часов в инт. форме:;;;;;;;;;;;;;;;;;;;;;;;;;;;;;;;;;;;;;;;;;;;;;;;;;;;;;;;;;;;;;;;;;;;;;;;;;;;;;;;;;;;;;;;;;;;;;;;;;;;;;;;;;;;;;;;;;;;;;;;;;;;;;;
231;3;;;;;в т.ч. часов в электронной форме:;;;;;;;;;;;;;;;;;;;;;;;;;;;;;;;;;;;;;;;;;;;;;;;;;;;;;;;;;;;;;;;;;;;;;;;;;;;;;;;;;;;;;;;;;;;;;;;;;;;;;;;;;;;;;;;;;;;;;;;;;;;;;;
232;1;Б1.В.ОД.7;Детская эндокринология;;;;9;;;;72;72;44;12;;32;28;;2;2;;;;;;;;;;;;;;;;;;;;;;;;;;;;;;;;;;;;;;;;;;;;;;;;;;;;;;;;;;;;;;;;;;;;;72;44;2;72;12;;32;28;;2;;;;;;;;;;;;;;;;;;;;;;;;;;;36;;72.7%;;;43;Пропедевтики детских болезней, детской эндокринологии и диабетологии;"ОПК-8; ПК-2, 5, 6, 8, 10"
233;2;;;;;в т.ч. часов в инт. форме:;;;;;;;;;;;;;;;;;;;;;;;;;;;;;;;;;;;;;;;;;;;;;;;;;;;;;;;;;;;;;;;;;;;;;;;;;;;;;;;;;;;;;;;;;;;;;;;;;;;;;;;;;;;;;;;;;;;;;;;;;;;;;;
234;3;;;;;в т.ч. часов в электронной форме:;;;;;;;;;;;;;;;;;;;;;;;;;;;;;;;;;;;;;;;;;;;;;;;;;;;;;;;;;;;;;;;;;;;;;;;;;;;;;;;;;;;;;;;;;;;;;;;;;;;;;;;;;;;;;;;;;;;;;;;;;;;;;;
235;1;Б1.В.ОД.8;Профессиональная коммуникация;;;;9;;;;72;72;48;6;;42;24;;2;2;;;;;;;;;;;;;;;;;;;;;;;;;;;;;;;;;;;;;;;;;;;;;;;;;;;;;;;;;;;;;;;;;;;;;72;48;2;72;6;;42;24;;2;;;;;;;;;;;;;;;;;;;;;;;;;;;36;;87.5%;;;4;Педагогики, образовательных технологий и профессиональной коммуникации ИДПО;"ОК-8; ОПК-2; ПК-5, 16"
236;2;;;;;в т.ч. часов в инт. форме:;;;;;;;;;;;;;;;;;;;;;;;;;;;;;;;;;;;;;;;;;;;;;;;;;;;;;;;;;;;;;;;;;;;;;;;;;;;;;;;;;;;;;;;;;;;;;;;;;;;;;;;;;;;;;;;;;;;;;;;;;;;;;;
237;3;;;;;в т.ч. часов в электронной форме:;;;;;;;;;;;;;;;;;;;;;;;;;;;;;;;;;;;;;;;;;;;;;;;;;;;;;;;;;;;;;;;;;;;;;;;;;;;;;;;;;;;;;;;;;;;;;;;;;;;;;;;;;;;;;;;;;;;;;;;;;;;;;;
238;1;Б1.В.ОД.9;Неотложные состояния в педиатрии, сестринские манипуляции в педиатрии. Симуляционное обучение.;;;;C;;;;108;108;72;;;72;36;;3;3;;;;;;;;;;;;;;;;;;36;24;1;;;;;;;;36;;;24;12;;1;;;;;;;;;;;;;;;;;;;;;;;;;;;;;;;;;;;;;;;;;;;;;;;;;;;;72;48;2;36;;;24;12;;1;36;;;24;12;;1;;;36;;100%;;;60;Симуляционных технологий и неотложной медицины;"ОПК-5, 10; ПК-10, 11, 13, 19"
239;2;;;;;в т.ч. часов в инт. форме:;;;;;;;;;;;;;;;;;;;;;;;;;;;;;;;;;;;;;;;;;;;;;;;;;;;;;;;;;;;;;;;;;;;;;;;;;;;;;;;;;;;;;;;;;;;;;;;;;;;;;;;;;;;;;;;;;;;;;;;;;;;;;;
240;3;;;;;в т.ч. часов в электронной форме:;;;;;;;;;;;;;;;;;;;;;;;;;;;;;;;;;;;;;;;;;;;;;;;;;;;;;;;;;;;;;;;;;;;;;;;;;;;;;;;;;;;;;;;;;;;;;;;;;;;;;;;;;;;;;;;;;;;;;;;;;;;;;;
241;1;Б1.В.ОД.10;Клиническая патологическая анатомия;;;;C;;;;72;72;44;12;;32;28;;2;2;;;;;;;;;;;;;;;;;;;;;;;;;;;;;;;;;;;;;;;;;;;;;;;;;;;;;;;;;;;;;;;;;;;;;;;;;;;;;;;;;;;;;;72;44;2;;;;;;;;72;12;;32;28;;2;;;36;;72.7%;;;16;Патологической анатомии;"ОПК-9; ПК-5, 6"
242;2;;;;;в т.ч. часов в инт. форме:;;;;;;;;;;;;;;;;;;;;;;;;;;;;;;;;;;;;;;;;;;;;;;;;;;;;;;;;;;;;;;;;;;;;;;;;;;;;;;;;;;;;;;;;;;;;;;;;;;;;;;;;;;;;;;;;;;;;;;;;;;;;;;
243;3;;;;;в т.ч. часов в электронной форме:;;;;;;;;;;;;;;;;;;;;;;;;;;;;;;;;;;;;;;;;;;;;;;;;;;;;;;;;;;;;;;;;;;;;;;;;;;;;;;;;;;;;;;;;;;;;;;;;;;;;;;;;;;;;;;;;;;;;;;;;;;;;;;
244;;*;;;;;;;;;;;;;;;;;;;;;;;;;;;;;;;;;;;;;;;;;;;;;;;;;;;;;;;;;;;;;;;;;;;;;;;;;;;;;;;;;;;;;;;;;;;;;;;;;;;;;;;;;;;;;;;;;;;;;;;;;;;;;;;;;;
245;;;;;;;;;;;;;;;;;;;;;;;;;;;;;;;;;;;;;;;;;;;;;;;;;;;;;;;;;;;;;;;;;;;;;;;;;;;;;;;;;;;;;;;;;;;;;;;;;;;;;;;;;;;;;;;;;;;;;;;;;;;;;;;;;;;;
246;;Б1.В.ДВ;Дисциплины по выбору;;;;5;;;;652;652;550;48;;502;102;;9;9;72;72;;36;;;36;;;;36;;;36;;;;72;72;;36;;;36;;;;36;;;36;;;;72;72;;36;;;36;;;;36;;;36;;;;112;112;;54;;;54;;;;58;;;58;;;;;;;;;;;;;;;;;;;;;324;222;9;144;20;;86;38;;4;180;28;;88;64;;5;;;-;;91.3%;;;;;
247;;;;;;;;;;;;;;;;;;;;;;;;;;;;;;;;;;;;;;;;;;;;;;;;;;;;;;;;;;;;;;;;;;;;;;;;;;;;;;;;;;;;;;;;;;;;;;;;;;;;;;;;;;;;;;;;;;;;;;;;;;;;;;;;;;;;
248;1;;Прикладная физкультура и спорт (основная группа/спортивная группа/лечебная физкультура*);;;;8;;;;328;328;328;;;328;;;;;72;72;;36;;;36;;;;36;;;36;;;;72;72;;36;;;36;;;;36;;;36;;;;72;72;;36;;;36;;;;36;;;36;;;;112;112;;54;;;54;;;;58;;;58;;;;;;;;;;;;;;;;;;;;;;;;;;;;;;;;;;;;;;;;36;;100%;;;5\24;Физического воспитания\Лечебной физкультуры, спортивной медицины и физиотерапии;"ОК-6; ПК-1, 16"
249;2;;;;;в т.ч. часов в инт. форме:;;;;;;;;;;;;;;;;;;;;;;;;;;;;;;;;;;;;;;;;;;;;;;;;;;;;;;;;;;;;;;;;;;;;;;;;;;;;;;;;;;;;;;;;;;;;;;;;;;;;;;;;;;;;;;;;;;;;;;;;;;;;;;
250;3;;;;;в т.ч. часов в электронной форме:;;;;;;;;;;;;;;;;;;;;;;;;;;;;;;;;;;;;;;;;;;;;;;;;;;;;;;;;;;;;;;;;;;;;;;;;;;;;;;;;;;;;;;;;;;;;;;;;;;;;;;;;;;;;;;;;;;;;;;;;;;;;;;
251;;;;;;;;;;;;;;;;;;;;;;;;;;;;;;;;;;;;;;;;;;;;;;;;;;;;;;;;;;;;;;;;;;;;;;;;;;;;;;;;;;;;;;;;;;;;;;;;;;;;;;;;;;;;;;;;;;;;;;;;;;;;;;;;;;;;
252;;Б1.В.ДВ.1;;;;;;;;;;;;;;;;;;;;;;;;;;;;;;;;;;;;;;;;;;;;;;;;;;;;;;;;;;;;;;;;;;;;;;;;;;;;;;;;;;;;;;;;;;;;;;;;;;;;;;;;;;;;;;;;;;;;;;;;;;;;;;;;;;
253;1;1;Детская аллергология;;;;B;;;;72;72;48;10;;38;24;;2;2;;;;;;;;;;;;;;;;;;;;;;;;;;;;;;;;;;;;;;;;;;;;;;;;;;;;;;;;;;;;;;;;;;;;;;;;;;;;;;;;;;;;;;72;48;2;72;10;;38;24;;2;;;;;;;;;;36;;79.2%;;;38;Клинической иммунологии и аллергологии;"ОПК-8; ПК-1, 5, 9, 15, 18, 20"
254;2;;;;;в т.ч. часов в инт. форме:;;;;;;;;;;;;;;;;;;;;;;;;;;;;;;;;;;;;;;;;;;;;;;;;;;;;;;;;;;;;;;;;;;;;;;;;;;;;;;;;;;;;;;;;;;;;;;;;;;;;;;;;;;;;;;;;;;;;;;;;;;;;;;
255;3;;;;;в т.ч. часов в электронной форме:;;;;;;;;;;;;;;;;;;;;;;;;;;;;;;;;;;;;;;;;;;;;;;;;;;;;;;;;;;;;;;;;;;;;;;;;;;;;;;;;;;;;;;;;;;;;;;;;;;;;;;;;;;;;;;;;;;;;;;;;;;;;;;
256;1;2;Клиническая иммунология в педиатрии;;;;B;;;;72;72;48;10;;38;24;;2;2;;;;;;;;;;;;;;;;;;;;;;;;;;;;;;;;;;;;;;;;;;;;;;;;;;;;;;;;;;;;;;;;;;;;;;;;;;;;;;;;;;;;;;72;48;2;72;10;;38;24;;2;;;;;;;;;;36;;79.2%;;;38;Клинической иммунологии и аллергологии;"ОПК-8; ПК-1, 5, 9, 15, 18, 20"
257;;*;;;;;;;;;;;;;;;;;;;;;;;;;;;;;;;;;;;;;;;;;;;;;;;;;;;;;;;;;;;;;;;;;;;;;;;;;;;;;;;;;;;;;;;;;;;;;;;;;;;;;;;;;;;;;;;;;;;;;;;;;;;;;;;;;;
258;;;;;;;;;;;;;;;;;;;;;;;;;;;;;;;;;;;;;;;;;;;;;;;;;;;;;;;;;;;;;;;;;;;;;;;;;;;;;;;;;;;;;;;;;;;;;;;;;;;;;;;;;;;;;;;;;;;;;;;;;;;;;;;;;;;;
259;;Б1.В.ДВ.2;;;;;;;;;;;;;;;;;;;;;;;;;;;;;;;;;;;;;;;;;;;;;;;;;;;;;;;;;;;;;;;;;;;;;;;;;;;;;;;;;;;;;;;;;;;;;;;;;;;;;;;;;;;;;;;;;;;;;;;;;;;;;;;;;;
260;1;1;Неотложная помощь при детских инфекционных заболеваниях;;;;B;;;;72;72;58;10;;48;14;;2;2;;;;;;;;;;;;;;;;;;;;;;;;;;;;;;;;;;;;;;;;;;;;;;;;;;;;;;;;;;;;;;;;;;;;;;;;;;;;;;;;;;;;;;72;58;2;72;10;;48;14;;2;;;;;;;;;;36;;82.8%;;;42;Инфекционных болезней у детей и поликлинической педиатрии;ПК-6, 8
261;2;;;;;в т.ч. часов в инт. форме:;;;;;;;;;;;;;;;;;;;;;;;;;;;;;;;;;;;;;;;;;;;;;;;;;;;;;;;;;;;;;;;;;;;;;;;;;;;;;;;;;;;;;;;;;;;;;;;;;;;;;;;;;;;;;;;;;;;;;;;;;;;;;;
262;3;;;;;в т.ч. часов в электронной форме:;;;;;;;;;;;;;;;;;;;;;;;;;;;;;;;;;;;;;;;;;;;;;;;;;;;;;;;;;;;;;;;;;;;;;;;;;;;;;;;;;;;;;;;;;;;;;;;;;;;;;;;;;;;;;;;;;;;;;;;;;;;;;;
263;1;2;Клиническая паразитология;;;;B;;;;72;72;58;10;;48;14;;2;2;;;;;;;;;;;;;;;;;;;;;;;;;;;;;;;;;;;;;;;;;;;;;;;;;;;;;;;;;;;;;;;;;;;;;;;;;;;;;;;;;;;;;;72;58;2;72;10;;48;14;;2;;;;;;;;;;36;;82.8%;;;42;Инфекционных болезней у детей и поликлинической педиатрии;ПК-6, 8
264;;*;;;;;;;;;;;;;;;;;;;;;;;;;;;;;;;;;;;;;;;;;;;;;;;;;;;;;;;;;;;;;;;;;;;;;;;;;;;;;;;;;;;;;;;;;;;;;;;;;;;;;;;;;;;;;;;;;;;;;;;;;;;;;;;;;;
265;;;;;;;;;;;;;;;;;;;;;;;;;;;;;;;;;;;;;;;;;;;;;;;;;;;;;;;;;;;;;;;;;;;;;;;;;;;;;;;;;;;;;;;;;;;;;;;;;;;;;;;;;;;;;;;;;;;;;;;;;;;;;;;;;;;;
266;;Б1.В.ДВ.3;;;;;;;;;;;;;;;;;;;;;;;;;;;;;;;;;;;;;;;;;;;;;;;;;;;;;;;;;;;;;;;;;;;;;;;;;;;;;;;;;;;;;;;;;;;;;;;;;;;;;;;;;;;;;;;;;;;;;;;;;;;;;;;;;;
267;1;1;Детская гематология;;;;C;;;;72;72;44;10;;34;28;;2;2;;;;;;;;;;;;;;;;;;;;;;;;;;;;;;;;;;;;;;;;;;;;;;;;;;;;;;;;;;;;;;;;;;;;;;;;;;;;;;;;;;;;;;72;44;2;;;;;;;;72;10;;34;28;;2;;;36;;77.3%;;;31;Профпатологии, гематологии и клинической фармакологии;"ОПК-9; ПК-5, 6, 8, 10"
268;2;;;;;в т.ч. часов в инт. форме:;;;;;;;;;;;;;;;;;;;;;;;;;;;;;;;;;;;;;;;;;;;;;;;;;;;;;;;;;;;;;;;;;;;;;;;;;;;;;;;;;;;;;;;;;;;;;;;;;;;;;;;;;;;;;;;;;;;;;;;;;;;;;;
269;3;;;;;в т.ч. часов в электронной форме:;;;;;;;;;;;;;;;;;;;;;;;;;;;;;;;;;;;;;;;;;;;;;;;;;;;;;;;;;;;;;;;;;;;;;;;;;;;;;;;;;;;;;;;;;;;;;;;;;;;;;;;;;;;;;;;;;;;;;;;;;;;;;;
270;1;2;Детская лейкозология;;;;C;;;;72;72;44;10;;34;28;;2;2;;;;;;;;;;;;;;;;;;;;;;;;;;;;;;;;;;;;;;;;;;;;;;;;;;;;;;;;;;;;;;;;;;;;;;;;;;;;;;;;;;;;;;72;44;2;;;;;;;;72;10;;34;28;;2;;;36;;77.3%;;;31;Профпатологии, гематологии и клинической фармакологии;"ОПК-9; ПК-5, 6, 8, 10"
271;;*;;;;;;;;;;;;;;;;;;;;;;;;;;;;;;;;;;;;;;;;;;;;;;;;;;;;;;;;;;;;;;;;;;;;;;;;;;;;;;;;;;;;;;;;;;;;;;;;;;;;;;;;;;;;;;;;;;;;;;;;;;;;;;;;;;
272;;;;;;;;;;;;;;;;;;;;;;;;;;;;;;;;;;;;;;;;;;;;;;;;;;;;;;;;;;;;;;;;;;;;;;;;;;;;;;;;;;;;;;;;;;;;;;;;;;;;;;;;;;;;;;;;;;;;;;;;;;;;;;;;;;;;
273;;Б1.В.ДВ.4;;;;;;;;;;;;;;;;;;;;;;;;;;;;;;;;;;;;;;;;;;;;;;;;;;;;;;;;;;;;;;;;;;;;;;;;;;;;;;;;;;;;;;;;;;;;;;;;;;;;;;;;;;;;;;;;;;;;;;;;;;;;;;;;;;
274;1;1;Детская ревматология (адаптационная дисциплина);;;;C;;;;108;108;72;18;;54;36;;3;3;;;;;;;;;;;;;;;;;;;;;;;;;;;;;;;;;;;;;;;;;;;;;;;;;;;;;;;;;;;;;;;;;;;;;;;;;;;;;;;;;;;;;;108;72;3;;;;;;;;108;18;;54;36;;3;;;36;;75%;;;46;Госпитальной педиатрии и неонатологии;ПК-6, 16, 20
275;2;;;;;в т.ч. часов в инт. форме:;;;;;;;;;;;;;;;;;;;;;;;;;;;;;;;;;;;;;;;;;;;;;;;;;;;;;;;;;;;;;;;;;;;;;;;;;;;;;;;;;;;;;;;;;;;;;;;;;;;;;;;;;;;;;;;;;;;;;;;;;;;;;;
276;3;;;;;в т.ч. часов в электронной форме:;;;;;;;;;;;;;;;;;;;;;;;;;;;;;;;;;;;;;;;;;;;;;;;;;;;;;;;;;;;;;;;;;;;;;;;;;;;;;;;;;;;;;;;;;;;;;;;;;;;;;;;;;;;;;;;;;;;;;;;;;;;;;;
277;1;2;Основы социальной педиатрии (адаптационная дисциплина);;;;C;;;;108;108;72;18;;54;36;;3;3;;;;;;;;;;;;;;;;;;;;;;;;;;;;;;;;;;;;;;;;;;;;;;;;;;;;;;;;;;;;;;;;;;;;;;;;;;;;;;;;;;;;;;108;72;3;;;;;;;;108;18;;54;36;;3;;;36;;75%;;;46;Госпитальной педиатрии и неонатологии;ПК-6, 16, 20
278;;*;;;;;;;;;;;;;;;;;;;;;;;;;;;;;;;;;;;;;;;;;;;;;;;;;;;;;;;;;;;;;;;;;;;;;;;;;;;;;;;;;;;;;;;;;;;;;;;;;;;;;;;;;;;;;;;;;;;;;;;;;;;;;;;;;;
279;;;;;;;;;;;;;;;;;;;;;;;;;;;;;;;;;;;;;;;;;;;;;;;;;;;;;;;;;;;;;;;;;;;;;;;;;;;;;;;;;;;;;;;;;;;;;;;;;;;;;;;;;;;;;;;;;;;;;;;;;;;;;;;;;;;;
280;;;;;;;;;;;;;;;;;;;;;;;;;;;;;;;;;;;;;;;;;;;;;;;;;;;;;;;;;;;;;;;;;;;;;;;;;;;;;;;;;;;;;;;;;;;;;;;;;;;;;;;;;;;;;;;;;;;;;;;;;;;;;;;;;;;;
281;;ДВ*;;;;;;;;;;;;;;;;;;;;;;;;;;;;;;;;;;;;;;;;;;;;;;;;;;;;;;;;;;;;;;;;;;;;;;;;;;;;;;;;;;;;;;;;;;;;;;;;;;;;;;;;;;;;;;;;;;;;;;;;;;;;;;;;;;
282;;;;;;;;;;;;;;;;;;;;;;;;;;;;;;;;;;;;;;;;;;;;;;;;;;;;;;;;;;;;;;;;;;;;;;;;;;;;;;;;;;;;;;;;;;;;;;;;;;;;;;;;;;;;;;;;;;;;;;;;;;;;;;;;;;;;
283;;Индекс;Наименование;;;Экз;Зач;Зач. с О.;КП;КР;Всего часов;;;;;;;;ЗЕТ;;Часов;Ауд;ЗЕТ;Нед.;Недель;;Часов;;;ЗЕТ;Нед.;Недель;;Часов;;;ЗЕТ;Часов;Ауд;ЗЕТ;Нед.;Недель;;Часов;;;ЗЕТ;Нед.;Недель;;Часов;;;ЗЕТ;Часов;Ауд;ЗЕТ;Нед.;Недель;;Часов;;;ЗЕТ;Нед.;Недель;;Часов;;;ЗЕТ;Часов;Ауд;ЗЕТ;Нед.;Недель;;Часов;;;ЗЕТ;Нед.;Недель;;Часов;;;ЗЕТ;Часов;Ауд;ЗЕТ;Нед.;Недель;;Часов;;;ЗЕТ;Нед.;Недель;;Часов;;;ЗЕТ;Часов;Ауд;ЗЕТ;Нед.;Недель;;Часов;;;ЗЕТ;Нед.;Недель;;Часов;;;ЗЕТ;Нед.;Нед.;Часов в ЗЕТ;ЗЕТ в нед.;;;;;;Компетенции
284;;;;;;;;;;;По ЗЕТ;По плану;Контакт.р.;;;;СР;ЗЕТ;Эксп;Факт;;;;;;;Итого;СР;Ауд;;;;;Итого;СР;Ауд;;;;;;;;Итого;СР;Ауд;;;;;Итого;СР;Ауд;;;;;;;;Итого;СР;Ауд;;;;;Итого;СР;Ауд;;;;;;;;Итого;СР;Ауд;;;;;Итого;СР;Ауд;;;;;;;;Итого;СР;Ауд;;;;;Итого;СР;Ауд;;;;;;;;Итого;СР;Ауд;;;;;Итого;СР;Ауд;;;;;;;;;;;
285;;Б2;Практики, в том числе научно-исследовательская работа (НИР);;;;;;;;1080;1080;108;;;;;;30;30;108;;3;2;2;;108;;;3;;;;;;;;216;;6;;;;;;;;4;4;;216;;;6;108;;3;;;;;;;;2;2;;108;;;3;324;;9;;;;;;;;6;6;;324;;;9;216;;6;;;;;;;;4;4;;216;;;6;108;108;3;2/3;;2/3;36;;36;1;1 1/3;1;1/3;72;;72;2;;;;;;;;;;
286;;;;;;;;;;;;;;;;;;;;;;;;;;;;;;;;;;;;;;;;;;;;;;;;;;;;;;;;;;;;;;;;;;;;;;;;;;;;;;;;;;;;;;;;;;;;;;;;;;;;;;;;;;;;;;;;;;;;;;;;;;;;;;;;;;;;
287;;Б2.У;Учебная практика;;;;;;;;324;324;108;;;;;;9;9;108;;3;2;2;;108;;;3;;;;;;;;;;;;;;;;;;;;;;;;;108;;3;;;;;;;;2;2;;108;;;3;;;;;;;;;;;;;;;;;;;;;;;;;;;;;;;;;;;108;108;3;2/3;;2/3;36;;36;1;1 1/3;1;1/3;72;;72;2;;;;;;;;;;
288;1;Б2.У.1;Практика по получению первичных профессиональных умений и навыков (общий уход за больными);Баз;;;;1;;;108;108;;;;;;;3;3;108;;3;2;2;;108;;;3;;;;;;;;;;;;;;;;;;;;;;;;;;;;;;;;;;;;;;;;;;;;;;;;;;;;;;;;;;;;;;;;;;;;;;;;;;;;;;;;;;;;;;;;;;;;;;;36;1,50;;;;43;Пропедевтики детских болезней, детской эндокринологии и диабетологии;"ОК-8; ОПК-6, 10, 11"
289;1;Б2.У.2;Клиническая практика (клиническая диагностическая);Баз;;;;6;;;108;108;;;;;;;3;3;;;;;;;;;;;;;;;;;;;;;;;;;;;;;;;;;;;108;;3;;;;;;;;2;2;;108;;;3;;;;;;;;;;;;;;;;;;;;;;;;;;;;;;;;;;;;;;;;;;;;;;;;;;;;;;36;1,50;;;;43;Пропедевтики детских болезней, детской эндокринологии и диабетологии;"ОПК-4; ПК-5, 17"
290;1;Б2.У.3;Практика по получению первичных умений и навыков научно-исследовательской  деятельности (НИР);Баз;V;;;C;;;108;108;108;;;;;;3;3;;;;;;;;;;;;;;;;;;;;;;;;;;;;;;;;;;;;;;;;;;;;;;;;;;;;;;;;;;;;;;;;;;;;;;;;;;;;;;;;;;;;;;108;108;3;2/3;;2/3;36;;36;1;1 1/3;1;1/3;72;;72;2;;;36;1,50;;;;46;Госпитальной педиатрии и неонатологии;ПК-4, 20, 21, 22
291;;*;;;;;;;;;;;;;;;;;;;;;;;;;;;;;;;;;;;;;;;;;;;;;;;;;;;;;;;;;;;;;;;;;;;;;;;;;;;;;;;;;;;;;;;;;;;;;;;;;;;;;;;;;;;;;;;;;;;;;;;;;;;;;;;;;;
292;;;;;;;;;;;;;;;;;;;;;;;;;;;;;;;;;;;;;;;;;;;;;;;;;;;;;;;;;;;;;;;;;;;;;;;;;;;;;;;;;;;;;;;;;;;;;;;;;;;;;;;;;;;;;;;;;;;;;;;;;;;;;;;;;;;;
293;;Б2.Н;Научно-исследовательская работа;;;;;;;;;;;;;;;;;;;;;;;;;;;;;;;;;;;;;;;;;;;;;;;;;;;;;;;;;;;;;;;;;;;;;;;;;;;;;;;;;;;;;;;;;;;;;;;;;;;;;;;;;;;;;;;;;;;;;;;;;;;;;;;;;
294;;*;;;;;;;;;;;;;;;;;;;;;;;;;;;;;;;;;;;;;;;;;;;;;;;;;;;;;;;;;;;;;;;;;;;;;;;;;;;;;;;;;;;;;;;;;;;;;;;;;;;;;;;;;;;;;;;;;;;;;;;;;;;;;;;;;;
295;;;;;;;;;;;;;;;;;;;;;;;;;;;;;;;;;;;;;;;;;;;;;;;;;;;;;;;;;;;;;;;;;;;;;;;;;;;;;;;;;;;;;;;;;;;;;;;;;;;;;;;;;;;;;;;;;;;;;;;;;;;;;;;;;;;;
296;;Б2.П;Производственная практика;;;;;;;;756;756;;;;;;;21;21;;;;;;;;;;;;;;;;;;216;;6;;;;;;;;4;4;;216;;;6;;;;;;;;;;;;;;;;;;324;;9;;;;;;;;6;6;;324;;;9;216;;6;;;;;;;;4;4;;216;;;6;;;;;;;;;;;;;;;;;;;;;;;;;;;
297;1;Б2.П.1;Практика по получению профессиональных умений и опыта профессиональной деятельности (помощник медсестры);Баз;;;;4;;;216;216;;;;;;;6;6;;;;;;;;;;;;;;;;;;216;;6;;;;;;;;4;4;;216;;;6;;;;;;;;;;;;;;;;;;;;;;;;;;;;;;;;;;;;;;;;;;;;;;;;;;;;;;;;;;;;;;;;;;;;;;;36;1,50;;;;43;Пропедевтики детских болезней, детской эндокринологии и диабетологии;"ОК-8; ОПК-10"
298;1;Б2.П.2;Клиническая практика (помощник врача стационара - педиатра, хирурга, акушера-гинеколога);Баз;;;;8;;;324;324;;;;;;;9;9;;;;;;;;;;;;;;;;;;;;;;;;;;;;;;;;;;;;;;;;;;;;;;;;;;;;324;;9;;;;;;;;6;6;;324;;;9;;;;;;;;;;;;;;;;;;;;;;;;;;;;;;;;;;;;;36;1,50;;;;45\51\55;Факультетской педиатрии\Факультетской хирургии и онкологии\Акушерства и гинекологии педиатрического факультета;"ОПК-4, 8; ПК-6, 8, 10, 11, 12"
299;1;Б2.П.3;Клиническая практика (помощник врача детской поликлиники);Баз;;;;A;;;216;216;;;;;;;6;6;;;;;;;;;;;;;;;;;;;;;;;;;;;;;;;;;;;;;;;;;;;;;;;;;;;;;;;;;;;;;;;;;;;;;216;;6;;;;;;;;4;4;;216;;;6;;;;;;;;;;;;;;;;;;;;36;1,50;;;;42;Инфекционных болезней у детей и поликлинической педиатрии;ПК-1, 2, 9, 10, 14, 15, 17, 18
300;;*;;;;;;;;;;;;;;;;;;;;;;;;;;;;;;;;;;;;;;;;;;;;;;;;;;;;;;;;;;;;;;;;;;;;;;;;;;;;;;;;;;;;;;;;;;;;;;;;;;;;;;;;;;;;;;;;;;;;;;;;;;;;;;;;;;
301;;;;;;;;;;;;;;;;;;;;;;;;;;;;;;;;;;;;;;;;;;;;;;;;;;;;;;;;;;;;;;;;;;;;;;;;;;;;;;;;;;;;;;;;;;;;;;;;;;;;;;;;;;;;;;;;;;;;;;;;;;;;;;;;;;;;
302;;Индекс;Наименование;;;Экз;Зач;Зач. с О.;КП;КР;Всего часов;;;;;;;;ЗЕТ;;Часов;Ауд;ЗЕТ;Нед.;Недель;;Часов;;;ЗЕТ;Нед.;Недель;;Часов;;;ЗЕТ;Часов;Ауд;ЗЕТ;Нед.;Недель;;Часов;;;ЗЕТ;Нед.;Недель;;Часов;;;ЗЕТ;Часов;Ауд;ЗЕТ;Нед.;Недель;;Часов;;;ЗЕТ;Нед.;Недель;;Часов;;;ЗЕТ;Часов;Ауд;ЗЕТ;Нед.;Недель;;Часов;;;ЗЕТ;Нед.;Недель;;Часов;;;ЗЕТ;Часов;Ауд;ЗЕТ;Нед.;Недель;;Часов;;;ЗЕТ;Нед.;Недель;;Часов;;;ЗЕТ;Часов;Ауд;ЗЕТ;Нед.;Недель;;Часов;;;ЗЕТ;Нед.;Недель;;Часов;;;ЗЕТ;Нед.;Нед.;Часов в ЗЕТ;ЗЕТ в нед.;;;;;;Компетенции
303;;;;;;;;;;;По ЗЕТ;По плану;Контакт.р.;;;;СР;ЗЕТ;Эксп;Факт;;;;;;;Итого;СР;Ауд;;;;;Итого;СР;Ауд;;;;;;;;Итого;СР;Ауд;;;;;Итого;СР;Ауд;;;;;;;;Итого;СР;Ауд;;;;;Итого;СР;Ауд;;;;;;;;Итого;СР;Ауд;;;;;Итого;СР;Ауд;;;;;;;;Итого;СР;Ауд;;;;;Итого;СР;Ауд;;;;;;;;Итого;СР;Ауд;;;;;Итого;СР;Ауд;;;;;;;;;;;
304;;Б3;Государственная итоговая аттестация;;;;;;;;108;108;;;;;;;3;3;;;;;;;;;;;;;;;;;;;;;;;;;;;;;;;;;;;;;;;;;;;;;;;;;;;;;;;;;;;;;;;;;;;;;;;;;;;;;;;;;;;;;;;;3;;;;;;;;2;2;;;;;3;;;36;1,50;;;;;;
305;;;;;;;;;;;;;;;;;;;;;;;;;;;;;;;;;;;;;;;;;;;;;;;;;;;;;;;;;;;;;;;;;;;;;;;;;;;;;;;;;;;;;;;;;;;;;;;;;;;;;;;;;;;;;;;;;;;;;;;;;;;;;;;;;;;;
306;;Индекс;Наименование;;;Экз;За;ЗаО;КП;КР;Всего часов;;;;;;;;ЗЕТ;;Часов;Ауд;ЗЕТ;Часов;Лек;Лаб;Пр;СРС;Контроль;ЗЕТ;Часов;Лек;Лаб;Пр;СРС;Контроль;ЗЕТ;Часов;Ауд;ЗЕТ;Часов;Лек;Лаб;Пр;СРС;Контроль;ЗЕТ;Часов;Лек;Лаб;Пр;СРС;Контроль;ЗЕТ;Часов;Ауд;ЗЕТ;Часов;Лек;Лаб;Пр;СРС;Контроль;ЗЕТ;Часов;Лек;Лаб;Пр;СРС;Контроль;ЗЕТ;Часов;Ауд;ЗЕТ;Часов;Лек;Лаб;Пр;СРС;Контроль;ЗЕТ;Часов;Лек;Лаб;Пр;СРС;Контроль;ЗЕТ;Часов;Ауд;ЗЕТ;Часов;Лек;Лаб;Пр;СРС;Контроль;ЗЕТ;Часов;Лек;Лаб;Пр;СРС;Контроль;ЗЕТ;Часов;Ауд;ЗЕТ;Часов;Лек;Лаб;Пр;СРС;Контроль;ЗЕТ;Часов;Лек;Лаб;Пр;СРС;Контроль;ЗЕТ;Часов;Часов;Часов в ЗЕТ;ЗЕТ в нед.;;;;;;Компетенции
307;;;;;;;;;;;По ЗЕТ;По плану;Контакт.р.;Лек;Лаб;Пр;СР;Контр;Эксп;Факт;;;;;;;;;;;;;;;;;;;;;;;;;;;;;;;;;;;;;;;;;;;;;;;;;;;;;;;;;;;;;;;;;;;;;;;;;;;;;;;;;;;;;;;;;;;;;;;;;;;;;;;;;;;;;;;;
308;;ФТД;Факультативы;;;;2;;;;108;108;78;12;;66;30;;3;3;;;;;;;;;;;;;;;;;;;;;;;;;;;;;;;;;;;;;;;;;;;;;;;;;;;;36;24;1;36;6;;18;12;;1;;;;;;;;72;54;2;;;;;;;;72;6;;48;18;;2;;;;;;;;;;;;;;;;;;;;-;;84.6%;;;;;
309;1;ФТД.1;Основы микроэндохирургической техники;;;;7;;;;36;36;24;6;;18;12;;1;1;;;;;;;;;;;;;;;;;;;;;;;;;;;;;;;;;;;;;;;;;;;;;;;;;;;;36;24;1;36;6;;18;12;;1;;;;;;;;;;;;;;;;;;;;;;;;;;;;;;;;;;;;;;;;;;;;36;;75%;;;18;Оперативной хирургии и топографической анатомии;"ОПК-11; ПК-10, 11"
310;2;;;;;в т.ч. часов в инт. форме:;;;;;;;;;;;;;;;;;;;;;;;;;;;;;;;;;;;;;;;;;;;;;;;;;;;;;;;;;;;;;;;;;;;;;;;;;;;;;;;;;;;;;;;;;;;;;;;;;;;;;;;;;;;;;;;;;;;;;;;;;;;;;;
311;3;;;;;в т.ч. часов в электронной форме:;;;;;;;;;;;;;;;;;;;;;;;;;;;;;;;;;;;;;;;;;;;;;;;;;;;;;;;;;;;;;;;;;;;;;;;;;;;;;;;;;;;;;;;;;;;;;;;;;;;;;;;;;;;;;;;;;;;;;;;;;;;;;;
312;1;ФТД.2;Лечебное питание в педиатрии;;;;A;;;;72;72;54;6;;48;18;;2;2;;;;;;;;;;;;;;;;;;;;;;;;;;;;;;;;;;;;;;;;;;;;;;;;;;;;;;;;;;;;;;;;;;;;;72;54;2;;;;;;;;72;6;;48;18;;2;;;;;;;;;;;;;;;;;;;;36;;88.9%;;;43;Пропедевтики детских болезней, детской эндокринологии и диабетологии;ПК-9, 14
313;2;;;;;в т.ч. часов в инт. форме:;;;;;;;;;;;;;;;;;;;;;;;;;;;;;;;;;;;;;;;;;;;;;;;;;;;;;;;;;;;;;;;;;;;;;;;;;;;;;;;;;;;;;;;;;;;;;;;;;;;;;;;;;;;;;;;;;;;;;;;;;;;;;;
314;3;;;;;в т.ч. часов в электронной форме:;;;;;;;;;;;;;;;;;;;;;;;;;;;;;;;;;;;;;;;;;;;;;;;;;;;;;;;;;;;;;;;;;;;;;;;;;;;;;;;;;;;;;;;;;;;;;;;;;;;;;;;;;;;;;;;;;;;;;;;;;;;;;;
315;;*;;;;;;;;;;;;;;;;;;;;;;;;;;;;;;;;;;;;;;;;;;;;;;;;;;;;;;;;;;;;;;;;;;;;;;;;;;;;;;;;;;;;;;;;;;;;;;;;;;;;;;;;;;;;;;;;;;;;;;;;;;;;;;;;;;